user_id,sub_code,rating,癤퓂ob_code,mbti,star,E,S,T,J,I,N,F,P
0,2070,14,2000,ESTP,2,1,1,1,0,0,0,0,1
0,2070,14,2000,ESFP,2,1,1,0,0,0,0,1,1
0,2070,14,2000,ENTP,2,1,0,1,0,0,1,0,1
0,2070,14,2000,ENFP,2,1,0,0,0,0,1,1,1
0,4060,14,4000,ENTP,1,1,0,1,0,0,1,0,1
0,4060,14,4000,INTP,1,0,0,1,0,1,1,0,1
0,4095,3,4000,ISTP,1,0,1,1,0,1,0,0,1
0,4095,3,4000,ESTP,1,1,1,1,0,0,0,0,1
0,7040,5,7000,ESTJ,2,1,1,1,1,0,0,0,0
0,7040,5,7000,ENTJ,2,1,0,1,1,0,1,0,0
0,7040,5,7000,ISTJ,2,0,1,1,1,1,0,0,0
0,7040,5,7000,INTJ,2,0,0,1,1,1,1,0,0
0,A010,5,A000,ENFJ,1,1,0,0,1,0,1,1,0
0,A010,5,A000,INFJ,1,0,0,0,1,1,1,1,0
0,D020,4,D000,ENTP,3,1,0,1,0,0,1,0,1
0,D020,4,D000,ENTJ,3,1,0,1,1,0,1,0,0
0,D020,4,D000,INTP,3,0,0,1,0,1,1,0,1
0,D020,4,D000,INTJ,3,0,0,1,1,1,1,0,0
0,D020,4,D000,ESTP,3,1,1,1,0,0,0,0,1
0,D020,4,D000,ESTJ,3,1,1,1,1,0,0,0,0
0,D020,4,D000,ISTP,3,0,1,1,0,1,0,0,1
0,D020,4,#REF!,ISTJ,3,0,1,1,1,1,0,0,0
1,3140,2,3000,ESFP,2,1,1,0,0,0,0,1,1
1,3140,2,3000,ESFJ,2,1,1,0,1,0,0,1,0
1,3140,2,3000,ISFP,2,0,1,0,0,1,0,1,1
1,3140,2,3000,ISFJ,2,0,1,0,1,1,0,1,0
1,3180,11,3000,ESTP,3,1,1,1,0,0,0,0,1
1,3180,11,3000,ESFP,3,1,1,0,0,0,0,1,1
1,3180,11,3000,ISTP,3,0,1,1,0,1,0,0,1
1,3180,11,3000,ISFP,3,0,1,0,0,1,0,1,1
1,3180,11,3000,ISTJ,3,0,1,1,1,1,0,0,0
1,3180,11,3000,ISFJ,3,0,1,0,1,1,0,1,0
1,3180,11,3000,ESTJ,3,1,1,1,1,0,0,0,0
1,3180,11,3000,ESFJ,3,1,1,0,1,0,0,1,0
1,6015,1,6000,ISFP,1,0,1,0,0,1,0,1,1
1,6015,1,6000,ISFJ,1,0,1,0,1,1,0,1,0
1,9016,5,9000,ESFP,1,1,1,0,0,0,0,1,1
1,9016,5,9000,ENFP,1,1,0,0,0,0,1,1,1
1,A038,13,A000,ESFP,2,1,1,0,0,0,0,1,1
1,A038,13,A000,ESFJ,2,1,1,0,1,0,0,1,0
1,A038,13,A000,ISFP,2,0,1,0,0,1,0,1,1
1,A038,13,A000,ISFJ,2,0,1,0,1,1,0,1,0
2,1090,13,1000,ESTP,1,1,1,1,0,0,0,0,1
2,1090,13,1000,ESFP,1,1,1,0,0,0,0,1,1
2,2990,1,2000,ESTJ,2,1,1,1,1,0,0,0,0
2,2990,1,2000,ENTJ,2,1,0,1,1,0,1,0,0
2,2990,1,2000,ISTJ,2,0,1,1,1,1,0,0,0
2,2990,1,2000,INTJ,2,0,0,1,1,1,1,0,0
2,3140,12,3000,ESFP,2,1,1,0,0,0,0,1,1
2,3140,12,3000,ESFJ,2,1,1,0,1,0,0,1,0
2,3140,12,3000,ISFP,2,0,1,0,0,1,0,1,1
2,3140,12,3000,ISFJ,2,0,1,0,1,1,0,1,0
2,9063,10,9000,ESTJ,2,1,1,1,1,0,0,0,0
2,9063,10,9000,ESTP,2,1,1,1,0,0,0,0,1
2,9063,10,9000,ISTJ,2,0,1,1,1,1,0,0,0
2,9063,10,9000,ISTP,2,0,1,1,0,1,0,0,1
2,B010,9,B000,ENFP,3,1,0,0,0,0,1,1,1
2,B010,9,B000,ESTP,3,1,1,1,0,0,0,0,1
2,B010,9,B000,ENTP,3,1,0,1,0,0,1,0,1
2,B010,9,B000,ESFP,3,1,1,0,0,0,0,1,1
2,B010,9,B000,INTP,3,0,0,1,0,1,1,0,1
2,B010,9,B000,INFP,3,0,0,0,0,1,1,1,1
2,B010,9,B000,ISTP,3,0,1,1,0,1,0,0,1
2,B010,9,B000,ISFP,3,0,1,0,0,1,0,1,1
2,C010,8,C000,ENFP,0,1,0,0,0,0,1,1,1
2,D010,9,D000,ESTJ,2,1,1,1,1,0,0,0,0
2,D010,9,D000,ENTJ,2,1,0,1,1,0,1,0,0
2,D010,9,D000,ISTJ,2,0,1,1,1,1,0,0,0
2,D010,9,D000,INTJ,2,0,0,1,1,1,1,0,0
3,1030,3,1000,ISTP,3,0,1,1,0,1,0,0,1
3,1030,3,1000,ISTJ,3,0,1,1,1,1,0,0,0
3,1030,3,1000,ISFP,3,0,1,0,0,1,0,1,1
3,1030,3,1000,ISFJ,3,0,1,0,1,1,0,1,0
3,1030,3,1000,ESTP,3,1,1,1,0,0,0,0,1
3,1030,3,1000,ESTJ,3,1,1,1,1,0,0,0,0
3,1030,3,1000,ESFP,3,1,1,0,0,0,0,1,1
3,1030,3,1000,ESFJ,3,1,1,0,1,0,0,1,0
3,4140,10,4000,ISFP,1,0,1,0,0,1,0,1,1
3,4140,10,4000,ESFP,1,1,1,0,0,0,0,1,1
3,6060,5,6000,ISTJ,1,0,1,1,1,1,0,0,0
3,6060,5,6000,INTJ,1,0,0,1,1,1,1,0,0
3,8110,6,8000,ESTJ,2,1,1,1,1,0,0,0,0
3,8110,6,8000,ENTJ,2,1,0,1,1,0,1,0,0
3,8110,6,8000,ISTJ,2,0,1,1,1,1,0,0,0
3,8110,6,8000,INTJ,2,0,0,1,1,1,1,0,0
3,A036,1,A000,ESFP,2,1,1,0,0,0,0,1,1
3,A036,1,A000,ESFJ,2,1,1,0,1,0,0,1,0
3,A036,1,A000,ISFP,2,0,1,0,0,1,0,1,1
3,A036,1,A000,ISFJ,2,0,1,0,1,1,0,1,0
4,3080,3,3000,ISTP,1,0,1,1,0,1,0,0,1
4,3080,3,3000,INTP,1,0,0,1,0,1,1,0,1
4,8085,8,8000,ISTP,2,0,1,1,0,1,0,0,1
4,8085,8,8000,INTP,2,0,0,1,0,1,1,0,1
4,8085,8,8000,ESTP,2,1,1,1,0,0,0,0,1
4,8085,8,8000,ENTP,2,1,0,1,0,0,1,0,1
4,D050,1,D000,INTP,2,0,0,1,0,1,1,0,1
4,D050,1,D000,INTJ,2,0,0,1,1,1,1,0,0
4,D050,1,D000,ESTP,2,1,1,1,0,0,0,0,1
4,D050,1,D000,ISTP,2,0,1,1,0,1,0,0,1
5,1050,12,1000,ISTP,4,0,1,1,0,1,0,0,1
5,1050,12,1000,ISTJ,4,0,1,1,1,1,0,0,0
5,1050,12,1000,ISFP,4,0,1,0,0,1,0,1,1
5,1050,12,1000,ISFJ,4,0,1,0,1,1,0,1,0
5,1050,12,1000,INTP,4,0,0,1,0,1,1,0,1
5,1050,12,1000,INTJ,4,0,0,1,1,1,1,0,0
5,1050,12,1000,INFP,4,0,0,0,0,1,1,1,1
5,1050,12,1000,INFJ,4,0,0,0,1,1,1,1,0
5,1050,12,1000,ESTP,4,1,1,1,0,0,0,0,1
5,1050,12,1000,ESTJ,4,1,1,1,1,0,0,0,0
5,1050,12,1000,ESFP,4,1,1,0,0,0,0,1,1
5,1050,12,1000,ESFJ,4,1,1,0,1,0,0,1,0
5,1050,12,1000,ENTP,4,1,0,1,0,0,1,0,1
5,1050,12,1000,ENTJ,4,1,0,1,1,0,1,0,0
5,1050,12,1000,ENFP,4,1,0,0,0,0,1,1,1
5,1050,12,1000,ENFJ,4,1,0,0,1,0,1,1,0
5,6015,11,6000,ISFP,1,0,1,0,0,1,0,1,1
5,6015,11,6000,ISFJ,1,0,1,0,1,1,0,1,0
5,E070,3,E000,INFJ,0,0,0,0,1,1,1,1,0
5,E070,3,E000,ENFJ,0,1,0,0,1,0,1,1,0
6,B040,15,B000,ENTP,2,1,0,1,0,0,1,0,1
6,B040,15,B000,ESTP,2,1,1,1,0,0,0,0,1
6,B040,15,B000,INTP,2,0,0,1,0,1,1,0,1
6,B040,15,B000,ISTP,2,0,1,1,0,1,0,0,1
7,1120,3,1000,ISTJ,2,0,1,1,1,1,0,0,0
7,1120,3,1000,ISFJ,2,0,1,0,1,1,0,1,0
7,1120,3,1000,ESTJ,2,1,1,1,1,0,0,0,0
7,1120,3,1000,ESFJ,2,1,1,0,1,0,0,1,0
7,2120,7,2000,ISTJ,2,0,1,1,1,1,0,0,0
7,2120,7,2000,ISFJ,2,0,1,0,1,1,0,1,0
7,2120,7,2000,INTJ,2,0,0,1,1,1,1,0,0
7,2120,7,2000,INFJ,2,0,0,0,1,1,1,1,0
7,4020,13,4000,ISTJ,2,0,1,1,1,1,0,0,0
7,4020,13,4000,ISFJ,2,0,1,0,1,1,0,1,0
7,4020,13,4000,INTJ,2,0,0,1,1,1,1,0,0
7,4020,13,4000,INFJ,2,0,0,0,1,1,1,1,0
7,4050,1,4000,ISTP,1,0,1,1,0,1,0,0,1
7,4050,1,4000,ISFP,1,0,1,0,0,1,0,1,1
7,4135,3,4000,ISFP,1,0,1,0,0,1,0,1,1
7,4135,3,4000,ESFP,1,1,1,0,0,0,0,1,1
7,8095,12,8000,ESTP,2,1,1,1,0,0,0,0,1
7,8095,12,8000,ESTJ,2,1,1,1,1,0,0,0,0
7,8095,12,8000,ISTP,2,0,1,1,0,1,0,0,1
7,8095,12,8000,ISTJ,2,0,1,1,1,1,0,0,0
8,2070,8,2000,ESTP,2,1,1,1,0,0,0,0,1
8,2070,8,2000,ESFP,2,1,1,0,0,0,0,1,1
8,2070,8,2000,ENTP,2,1,0,1,0,0,1,0,1
8,2070,8,2000,ENFP,2,1,0,0,0,0,1,1,1
8,2100,2,2000,ISTJ,2,0,1,1,1,1,0,0,0
8,2100,2,2000,ISFJ,2,0,1,0,1,1,0,1,0
8,2100,2,2000,INTJ,2,0,0,1,1,1,1,0,0
8,2100,2,2000,INFJ,2,0,0,0,1,1,1,1,0
8,6055,7,6000,ISTJ,0,0,1,1,1,1,0,0,0
8,8095,8,8000,ESTP,2,1,1,1,0,0,0,0,1
8,8095,8,8000,ESTJ,2,1,1,1,1,0,0,0,0
8,8095,8,8000,ISTP,2,0,1,1,0,1,0,0,1
8,8095,8,8000,ISTJ,2,0,1,1,1,1,0,0,0
8,B050,13,B000,ENTP,2,1,0,1,0,0,1,0,1
8,B050,13,B000,ENFP,2,1,0,0,0,0,1,1,1
8,B050,13,B000,INTP,2,0,0,1,0,1,1,0,1
8,B050,13,B000,INFP,2,0,0,0,0,1,1,1,1
8,C010,12,C000,ENFP,0,1,0,0,0,0,1,1,1
8,C020,6,C000,ESTP,3,1,1,1,0,0,0,0,1
8,C020,6,C000,ESFP,3,1,1,0,0,0,0,1,1
8,C020,6,C000,ENTP,3,1,0,1,0,0,1,0,1
8,C020,6,C000,ENFP,3,1,0,0,0,0,1,1,1
8,C020,6,C000,ISTP,3,0,1,1,0,1,0,0,1
8,C020,6,C000,ISFP,3,0,1,0,0,1,0,1,1
8,C020,6,C000,INTP,3,0,0,1,0,1,1,0,1
8,C020,6,C000,INFP,3,0,0,0,0,1,1,1,1
8,C035,2,C000,ISTP,2,0,1,1,0,1,0,0,1
8,C035,2,C000,ISFP,2,0,1,0,0,1,0,1,1
8,C035,2,C000,ESTP,2,1,1,1,0,0,0,0,1
8,C035,2,C000,ESFP,2,1,1,0,0,0,0,1,1
8,D010,4,D000,ESTJ,2,1,1,1,1,0,0,0,0
8,D010,4,D000,ENTJ,2,1,0,1,1,0,1,0,0
8,D010,4,D000,ISTJ,2,0,1,1,1,1,0,0,0
8,D010,4,D000,INTJ,2,0,0,1,1,1,1,0,0
9,4140,8,4000,ISFP,1,0,1,0,0,1,0,1,1
9,4140,8,4000,ESFP,1,1,1,0,0,0,0,1,1
9,4990,6,4000,ENTP,3,1,0,1,0,0,1,0,1
9,4990,6,4000,ENTJ,3,1,0,1,1,0,1,0,0
9,4990,6,4000,ENFP,3,1,0,0,0,0,1,1,1
9,4990,6,4000,ENFJ,3,1,0,0,1,0,1,1,0
9,4990,6,4000,ESTP,3,1,1,1,0,0,0,0,1
9,4990,6,4000,ESTJ,3,1,1,1,1,0,0,0,0
9,4990,6,4000,ESFP,3,1,1,0,0,0,0,1,1
9,4990,6,4000,ESFJ,3,1,1,0,1,0,0,1,0
9,8050,13,8000,ESTJ,2,1,1,1,1,0,0,0,0
9,8050,13,8000,ENTJ,2,1,0,1,1,0,1,0,0
9,8050,13,8000,ISTJ,2,0,1,1,1,1,0,0,0
9,8050,13,8000,INTJ,2,0,0,1,1,1,1,0,0
9,9066,5,9000,ISTJ,0,0,1,1,1,1,0,0,0
9,A020,8,A000,ENFJ,1,1,0,0,1,0,1,1,0
9,A020,8,A000,INFJ,1,0,0,0,1,1,1,1,0
9,A070,14,A000,ENFJ,1,1,0,0,1,0,1,1,0
9,A070,14,A000,INFJ,1,0,0,0,1,1,1,1,0
9,E030,15,E000,ISTJ,2,0,1,1,1,1,0,0,0
9,E030,15,E000,ISFJ,2,0,1,0,1,1,0,1,0
9,E030,15,E000,INTJ,2,0,0,1,1,1,1,0,0
9,E030,15,E000,INFJ,2,0,0,0,1,1,1,1,0
10,4090,12,4000,INTP,3,0,0,1,0,1,1,0,1
10,4090,12,4000,INTJ,3,0,0,1,1,1,1,0,0
10,4090,12,4000,INFP,3,0,0,0,0,1,1,1,1
10,4090,12,4000,INFJ,3,0,0,0,1,1,1,1,0
10,4090,12,4000,ISTP,3,0,1,1,0,1,0,0,1
10,4090,12,4000,ISTJ,3,0,1,1,1,1,0,0,0
10,4090,12,4000,ISFP,3,0,1,0,0,1,0,1,1
10,4090,12,4000,ISFJ,3,0,1,0,1,1,0,1,0
10,4120,13,4000,ESTJ,2,1,1,1,1,0,0,0,0
10,4120,13,4000,ESTP,2,1,1,1,0,0,0,0,1
10,4120,13,4000,ENTJ,2,1,0,1,1,0,1,0,0
10,4120,13,4000,ENTP,2,1,0,1,0,0,1,0,1
10,6050,14,6000,ESTJ,3,1,1,1,1,0,0,0,0
10,6050,14,6000,ESTP,3,1,1,1,0,0,0,0,1
10,6050,14,6000,ENTJ,3,1,0,1,1,0,1,0,0
10,6050,14,6000,ENTP,3,1,0,1,0,0,1,0,1
10,6050,14,6000,ISTJ,3,0,1,1,1,1,0,0,0
10,6050,14,6000,ISTP,3,0,1,1,0,1,0,0,1
10,6050,14,6000,INTJ,3,0,0,1,1,1,1,0,0
10,6050,14,6000,INTP,3,0,0,1,0,1,1,0,1
10,7025,8,7000,ENFJ,2,1,0,0,1,0,1,1,0
10,7025,8,7000,ENFP,2,1,0,0,0,0,1,1,1
10,7025,8,7000,ESFJ,2,1,1,0,1,0,0,1,0
10,7025,8,7000,ESFP,2,1,1,0,0,0,0,1,1
10,C020,11,C000,ESTP,3,1,1,1,0,0,0,0,1
10,C020,11,C000,ESFP,3,1,1,0,0,0,0,1,1
10,C020,11,C000,ENTP,3,1,0,1,0,0,1,0,1
10,C020,11,C000,ENFP,3,1,0,0,0,0,1,1,1
10,C020,11,C000,ISTP,3,0,1,1,0,1,0,0,1
10,C020,11,C000,ISFP,3,0,1,0,0,1,0,1,1
10,C020,11,C000,INTP,3,0,0,1,0,1,1,0,1
10,C020,11,C000,INFP,3,0,0,0,0,1,1,1,1
11,3043,10,3000,ENFP,1,1,0,0,0,0,1,1,1
11,3043,10,3000,ENFP,1,1,0,0,0,0,1,1,1
11,3050,7,3000,ISTJ,1,0,1,1,1,1,0,0,0
11,3050,7,3000,INTJ,1,0,0,1,1,1,1,0,0
11,4015,9,4000,ESFP,1,1,1,0,0,0,0,1,1
11,4015,9,4000,ENFP,1,1,0,0,0,0,1,1,1
11,6070,9,6000,ESFJ,2,1,1,0,1,0,0,1,0
11,6070,9,6000,ESTJ,2,1,1,1,1,0,0,0,0
11,6070,9,6000,ISFJ,2,0,1,0,1,1,0,1,0
11,6070,9,6000,ISTJ,2,0,1,1,1,1,0,0,0
11,8050,2,8000,ESTJ,2,1,1,1,1,0,0,0,0
11,8050,2,8000,ENTJ,2,1,0,1,1,0,1,0,0
11,8050,2,8000,ISTJ,2,0,1,1,1,1,0,0,0
11,8050,2,8000,INTJ,2,0,0,1,1,1,1,0,0
11,A033,13,A000,ESFP,2,1,1,0,0,0,0,1,1
11,A033,13,A000,ESFJ,2,1,1,0,1,0,0,1,0
11,A033,13,A000,ISFP,2,0,1,0,0,1,0,1,1
11,A033,13,A000,ISFJ,2,0,1,0,1,1,0,1,0
11,A060,15,A000,ENFJ,1,1,0,0,1,0,1,1,0
11,A060,15,A000,INFJ,1,0,0,0,1,1,1,1,0
11,D030,8,D000,INTP,2,0,0,1,0,1,1,0,1
11,D030,8,D000,INTJ,2,0,0,1,1,1,1,0,0
11,D030,8,D000,ESTP,2,1,1,1,0,0,0,0,1
11,D030,8,D000,ISTP,2,0,1,1,0,1,0,0,1
12,2016,6,2000,ENTJ,2,1,0,1,1,0,1,0,0
12,2016,6,2000,ENTP,2,1,0,1,0,0,1,0,1
12,2016,6,2000,ENFJ,2,1,0,0,1,0,1,1,0
12,2016,6,2000,ENFP,2,1,0,0,0,0,1,1,1
12,2120,8,2000,ISTJ,2,0,1,1,1,1,0,0,0
12,2120,8,2000,ISFJ,2,0,1,0,1,1,0,1,0
12,2120,8,2000,INTJ,2,0,0,1,1,1,1,0,0
12,2120,8,2000,INFJ,2,0,0,0,1,1,1,1,0
12,3090,10,3000,ISTJ,1,0,1,1,1,1,0,0,0
12,3090,10,3000,INTJ,1,0,0,1,1,1,1,0,0
12,3180,2,3000,ESTP,3,1,1,1,0,0,0,0,1
12,3180,2,3000,ESFP,3,1,1,0,0,0,0,1,1
12,3180,2,3000,ISTP,3,0,1,1,0,1,0,0,1
12,3180,2,3000,ISFP,3,0,1,0,0,1,0,1,1
12,3180,2,3000,ISTJ,3,0,1,1,1,1,0,0,0
12,3180,2,3000,ISFJ,3,0,1,0,1,1,0,1,0
12,3180,2,3000,ESTJ,3,1,1,1,1,0,0,0,0
12,3180,2,3000,ESFJ,3,1,1,0,1,0,0,1,0
12,8085,10,8000,ISTP,2,0,1,1,0,1,0,0,1
12,8085,10,8000,INTP,2,0,0,1,0,1,1,0,1
12,8085,10,8000,ESTP,2,1,1,1,0,0,0,0,1
12,8085,10,8000,ENTP,2,1,0,1,0,0,1,0,1
12,B020,15,B000,ENTP,2,1,0,1,0,0,1,0,1
12,B020,15,B000,ENFP,2,1,0,0,0,0,1,1,1
12,B020,15,B000,INTP,2,0,0,1,0,1,1,0,1
12,B020,15,B000,INFP,2,0,0,0,0,1,1,1,1
13,4015,6,4000,ESFP,1,1,1,0,0,0,0,1,1
13,4015,6,4000,ENFP,1,1,0,0,0,0,1,1,1
13,8056,10,8000,ESTJ,2,1,1,1,1,0,0,0,0
13,8056,10,8000,ENTJ,2,1,0,1,1,0,1,0,0
13,8056,10,8000,ISTJ,2,0,1,1,1,1,0,0,0
13,8056,10,8000,INTJ,2,0,0,1,1,1,1,0,0
13,8065,3,8000,ESTP,2,1,1,1,0,0,0,0,1
13,8065,3,8000,ESTJ,2,1,1,1,1,0,0,0,0
13,8065,3,8000,ISTP,2,0,1,1,0,1,0,0,1
13,8065,3,8000,ISTJ,2,0,1,1,1,1,0,0,0
13,9005,2,9000,ESFP,1,1,1,0,0,0,0,1,1
13,9005,2,9000,ENFP,1,1,0,0,0,0,1,1,1
13,A090,10,A000,ENFJ,1,1,0,0,1,0,1,1,0
13,A090,10,A000,INFJ,1,0,0,0,1,1,1,1,0
14,3043,14,3000,ENFP,1,1,0,0,0,0,1,1,1
14,3043,14,3000,ENFP,1,1,0,0,0,0,1,1,1
14,4090,3,4000,INTP,3,0,0,1,0,1,1,0,1
14,4090,3,4000,INTJ,3,0,0,1,1,1,1,0,0
14,4090,3,4000,INFP,3,0,0,0,0,1,1,1,1
14,4090,3,4000,INFJ,3,0,0,0,1,1,1,1,0
14,4090,3,4000,ISTP,3,0,1,1,0,1,0,0,1
14,4090,3,4000,ISTJ,3,0,1,1,1,1,0,0,0
14,4090,3,4000,ISFP,3,0,1,0,0,1,0,1,1
14,4090,3,4000,ISFJ,3,0,1,0,1,1,0,1,0
14,9060,3,9000,ISTJ,2,0,1,1,1,1,0,0,0
14,9060,3,9000,ISTP,2,0,1,1,0,1,0,0,1
14,9060,3,9000,ESTJ,2,1,1,1,1,0,0,0,0
14,9060,3,9000,ESTP,2,1,1,1,0,0,0,0,1
15,2020,15,2000,ESTJ,2,1,1,1,1,0,0,0,0
15,2020,15,2000,ESFJ,2,1,1,0,1,0,0,1,0
15,2020,15,2000,ENTJ,2,1,0,1,1,0,1,0,0
15,2020,15,2000,ENFJ,2,1,0,0,1,0,1,1,0
15,3010,8,3000,ENFP,0,1,0,0,0,0,1,1,1
15,3120,15,3000,ISTP,1,0,1,1,0,1,0,0,1
15,3120,15,3000,INTP,1,0,0,1,0,1,1,0,1
15,8990,9,8000,ESTJ,2,1,1,1,1,0,0,0,0
15,8990,9,8000,ENTJ,2,1,0,1,1,0,1,0,0
15,8990,9,8000,ISTJ,2,0,1,1,1,1,0,0,0
15,8990,9,8000,INTJ,2,0,0,1,1,1,1,0,0
16,3126,6,3000,ESTJ,2,1,1,1,1,0,0,0,0
16,3126,6,3000,ESFJ,2,1,1,0,1,0,0,1,0
16,3126,6,3000,ENTJ,2,1,0,1,1,0,1,0,0
16,3126,6,3000,ENFJ,2,1,0,0,1,0,1,1,0
16,3990,15,3000,ESTJ,2,1,1,1,1,0,0,0,0
16,3990,15,3000,ESFJ,2,1,1,0,1,0,0,1,0
16,3990,15,3000,ISTJ,2,0,1,1,1,1,0,0,0
16,3990,15,3000,ISFJ,2,0,1,0,1,1,0,1,0
17,4190,7,4000,ENFJ,1,1,0,0,1,0,1,1,0
17,4190,7,4000,INFJ,1,0,0,0,1,1,1,1,0
17,A060,10,A000,ENFJ,1,1,0,0,1,0,1,1,0
17,A060,10,A000,INFJ,1,0,0,0,1,1,1,1,0
18,2030,5,2000,ISTJ,2,0,1,1,1,1,0,0,0
18,2030,5,2000,ISFJ,2,0,1,0,1,1,0,1,0
18,2030,5,2000,INTJ,2,0,0,1,1,1,1,0,0
18,2030,5,2000,INFJ,2,0,0,0,1,1,1,1,0
18,3130,12,3000,ISTP,2,0,1,1,0,1,0,0,1
18,3130,12,3000,ISFP,2,0,1,0,0,1,0,1,1
18,3130,12,3000,INTP,2,0,0,1,0,1,1,0,1
18,3130,12,3000,INFP,2,0,0,0,0,1,1,1,1
18,4010,15,4000,ENFJ,2,1,0,0,1,0,1,1,0
18,4010,15,4000,ENFP,2,1,0,0,0,0,1,1,1
18,4010,15,4000,ESFJ,2,1,1,0,1,0,0,1,0
18,4010,15,4000,ESFP,2,1,1,0,0,0,0,1,1
18,4210,3,4000,ESFP,1,1,1,0,0,0,0,1,1
18,4210,3,4000,ESFJ,1,1,1,0,1,0,0,1,0
18,A040,4,A000,ESFP,2,1,1,0,0,0,0,1,1
18,A040,4,A000,ESFJ,2,1,1,0,1,0,0,1,0
18,A040,4,A000,ISFP,2,0,1,0,0,1,0,1,1
18,A040,4,A000,ISFJ,2,0,1,0,1,1,0,1,0
19,4060,2,4000,ENTP,1,1,0,1,0,0,1,0,1
19,4060,2,4000,INTP,1,0,0,1,0,1,1,0,1
19,4190,12,4000,ENFJ,1,1,0,0,1,0,1,1,0
19,4190,12,4000,INFJ,1,0,0,0,1,1,1,1,0
19,7040,3,7000,ESTJ,2,1,1,1,1,0,0,0,0
19,7040,3,7000,ENTJ,2,1,0,1,1,0,1,0,0
19,7040,3,7000,ISTJ,2,0,1,1,1,1,0,0,0
19,7040,3,7000,INTJ,2,0,0,1,1,1,1,0,0
19,A030,11,A000,ESTJ,3,1,1,1,1,0,0,0,0
19,A030,11,A000,ESTP,3,1,1,1,0,0,0,0,1
19,A030,11,A000,ENTJ,3,1,0,1,1,0,1,0,0
19,A030,11,A000,ENTP,3,1,0,1,0,0,1,0,1
19,A030,11,A000,ISTJ,3,0,1,1,1,1,0,0,0
19,A030,11,A000,ISTP,3,0,1,1,0,1,0,0,1
19,A030,11,A000,INTJ,3,0,0,1,1,1,1,0,0
19,A030,11,A000,INTP,3,0,0,1,0,1,1,0,1
19,A990,10,A000,ENFJ,1,1,0,0,1,0,1,1,0
19,A990,10,A000,INFJ,1,0,0,0,1,1,1,1,0
19,B050,2,B000,ENTP,2,1,0,1,0,0,1,0,1
19,B050,2,B000,ENFP,2,1,0,0,0,0,1,1,1
19,B050,2,B000,INTP,2,0,0,1,0,1,1,0,1
19,B050,2,B000,INFP,2,0,0,0,0,1,1,1,1
19,D020,6,D000,ENTP,3,1,0,1,0,0,1,0,1
19,D020,6,D000,ENTJ,3,1,0,1,1,0,1,0,0
19,D020,6,D000,INTP,3,0,0,1,0,1,1,0,1
19,D020,6,D000,INTJ,3,0,0,1,1,1,1,0,0
19,D020,6,D000,ESTP,3,1,1,1,0,0,0,0,1
19,D020,6,D000,ESTJ,3,1,1,1,1,0,0,0,0
19,D020,6,D000,ISTP,3,0,1,1,0,1,0,0,1
19,D020,6,#REF!,ISTJ,3,0,1,1,1,1,0,0,0
20,4030,10,4000,ISTP,2,0,1,1,0,1,0,0,1
20,4030,10,4000,ISFP,2,0,1,0,0,1,0,1,1
20,4030,10,4000,ESTP,2,1,1,1,0,0,0,0,1
20,4030,10,4000,ESFP,2,1,1,0,0,0,0,1,1
20,A036,14,A000,ESFP,2,1,1,0,0,0,0,1,1
20,A036,14,A000,ESFJ,2,1,1,0,1,0,0,1,0
20,A036,14,A000,ISFP,2,0,1,0,0,1,0,1,1
20,A036,14,A000,ISFJ,2,0,1,0,1,1,0,1,0
20,E070,15,E000,INFJ,0,0,0,0,1,1,1,1,0
20,E070,15,E000,ENFJ,0,1,0,0,1,0,1,1,0
21,3070,9,3000,ISTP,1,0,1,1,0,1,0,0,1
21,3070,9,3000,ESTP,1,1,1,1,0,0,0,0,1
21,3090,10,3000,ISTJ,1,0,1,1,1,1,0,0,0
21,3090,10,3000,INTJ,1,0,0,1,1,1,1,0,0
21,9070,5,9000,ESTJ,2,1,1,1,1,0,0,0,0
21,9070,5,9000,ESFJ,2,1,1,0,1,0,0,1,0
21,9070,5,9000,ISTJ,2,0,1,1,1,1,0,0,0
21,9070,5,9000,ISFJ,2,0,1,0,1,1,0,1,0
21,E010,14,E000,ESTP,3,1,1,1,0,0,0,0,1
21,E010,14,E000,ESFP,3,1,1,0,0,0,0,1,1
21,E010,14,E000,ENTP,3,1,0,1,0,0,1,0,1
21,E010,14,E000,ENFP,3,1,0,0,0,0,1,1,1
21,E010,14,E000,ISTP,3,0,1,1,0,1,0,0,1
21,E010,14,E000,ISFP,3,0,1,0,0,1,0,1,1
21,E010,14,E000,INTP,3,0,0,1,0,1,1,0,1
21,E010,14,E000,INFP,3,0,0,0,0,1,1,1,1
22,6020,5,6000,ESFP,1,1,1,0,0,0,0,1,1
22,6020,5,6000,ESFJ,1,1,1,0,1,0,0,1,0
22,A030,12,A000,ESTJ,3,1,1,1,1,0,0,0,0
22,A030,12,A000,ESTP,3,1,1,1,0,0,0,0,1
22,A030,12,A000,ENTJ,3,1,0,1,1,0,1,0,0
22,A030,12,A000,ENTP,3,1,0,1,0,0,1,0,1
22,A030,12,A000,ISTJ,3,0,1,1,1,1,0,0,0
22,A030,12,A000,ISTP,3,0,1,1,0,1,0,0,1
22,A030,12,A000,INTJ,3,0,0,1,1,1,1,0,0
22,A030,12,A000,INTP,3,0,0,1,0,1,1,0,1
23,7040,13,7000,ESTJ,2,1,1,1,1,0,0,0,0
23,7040,13,7000,ENTJ,2,1,0,1,1,0,1,0,0
23,7040,13,7000,ISTJ,2,0,1,1,1,1,0,0,0
23,7040,13,7000,INTJ,2,0,0,1,1,1,1,0,0
23,9070,15,9000,ESTJ,2,1,1,1,1,0,0,0,0
23,9070,15,9000,ESFJ,2,1,1,0,1,0,0,1,0
23,9070,15,9000,ISTJ,2,0,1,1,1,1,0,0,0
23,9070,15,9000,ISFJ,2,0,1,0,1,1,0,1,0
23,A033,3,A000,ESFP,2,1,1,0,0,0,0,1,1
23,A033,3,A000,ESFJ,2,1,1,0,1,0,0,1,0
23,A033,3,A000,ISFP,2,0,1,0,0,1,0,1,1
23,A033,3,A000,ISFJ,2,0,1,0,1,1,0,1,0
23,A060,11,A000,ENFJ,1,1,0,0,1,0,1,1,0
23,A060,11,A000,INFJ,1,0,0,0,1,1,1,1,0
23,C010,6,C000,ENFP,0,1,0,0,0,0,1,1,1
23,C030,2,C000,ISTP,2,0,1,1,0,1,0,0,1
23,C030,2,C000,ISFP,2,0,1,0,0,1,0,1,1
23,C030,2,C000,ESTP,2,1,1,1,0,0,0,0,1
23,C030,2,C000,ESFP,2,1,1,0,0,0,0,1,1
23,D020,12,D000,ENTP,3,1,0,1,0,0,1,0,1
23,D020,12,D000,ENTJ,3,1,0,1,1,0,1,0,0
23,D020,12,D000,INTP,3,0,0,1,0,1,1,0,1
23,D020,12,D000,INTJ,3,0,0,1,1,1,1,0,0
23,D020,12,D000,ESTP,3,1,1,1,0,0,0,0,1
23,D020,12,D000,ESTJ,3,1,1,1,1,0,0,0,0
23,D020,12,D000,ISTP,3,0,1,1,0,1,0,0,1
23,D020,12,#REF!,ISTJ,3,0,1,1,1,1,0,0,0
24,4140,2,4000,ISFP,1,0,1,0,0,1,0,1,1
24,4140,2,4000,ESFP,1,1,1,0,0,0,0,1,1
24,9061,7,9000,ENTP,0,1,0,1,0,0,1,0,1
24,B040,4,B000,ENTP,2,1,0,1,0,0,1,0,1
24,B040,4,B000,ESTP,2,1,1,1,0,0,0,0,1
24,B040,4,B000,INTP,2,0,0,1,0,1,1,0,1
24,B040,4,B000,ISTP,2,0,1,1,0,1,0,0,1
24,C040,1,C000,ESTP,3,1,1,1,0,0,0,0,1
24,C040,1,C000,ESFP,3,1,1,0,0,0,0,1,1
24,C040,1,C000,ENTP,3,1,0,1,0,0,1,0,1
24,C040,1,C000,ENFP,3,1,0,0,0,0,1,1,1
24,C040,1,C000,ISTP,3,0,1,1,0,1,0,0,1
24,C040,1,C000,ISFP,3,0,1,0,0,1,0,1,1
24,C040,1,C000,INTP,3,0,0,1,0,1,1,0,1
24,C040,1,C000,INFP,3,0,0,0,0,1,1,1,1
24,D020,11,D000,ENTP,3,1,0,1,0,0,1,0,1
24,D020,11,D000,ENTJ,3,1,0,1,1,0,1,0,0
24,D020,11,D000,INTP,3,0,0,1,0,1,1,0,1
24,D020,11,D000,INTJ,3,0,0,1,1,1,1,0,0
24,D020,11,D000,ESTP,3,1,1,1,0,0,0,0,1
24,D020,11,D000,ESTJ,3,1,1,1,1,0,0,0,0
24,D020,11,D000,ISTP,3,0,1,1,0,1,0,0,1
24,D020,11,#REF!,ISTJ,3,0,1,1,1,1,0,0,0
25,1080,3,1000,ISTJ,2,0,1,1,1,1,0,0,0
25,1080,3,1000,ISFJ,2,0,1,0,1,1,0,1,0
25,1080,3,1000,ESTJ,2,1,1,1,1,0,0,0,0
25,1080,3,1000,ESFJ,2,1,1,0,1,0,0,1,0
25,3126,14,3000,ESTJ,2,1,1,1,1,0,0,0,0
25,3126,14,3000,ESFJ,2,1,1,0,1,0,0,1,0
25,3126,14,3000,ENTJ,2,1,0,1,1,0,1,0,0
25,3126,14,3000,ENFJ,2,1,0,0,1,0,1,1,0
25,8020,11,8000,ESTJ,2,1,1,1,1,0,0,0,0
25,8020,11,8000,ENTJ,2,1,0,1,1,0,1,0,0
25,8020,11,8000,ISTJ,2,0,1,1,1,1,0,0,0
25,8020,11,8000,INTJ,2,0,0,1,1,1,1,0,0
25,A990,3,A000,ENFJ,1,1,0,0,1,0,1,1,0
25,A990,3,A000,INFJ,1,0,0,0,1,1,1,1,0
25,C050,5,C000,ENTP,2,1,0,1,0,0,1,0,1
25,C050,5,C000,ENFP,2,1,0,0,0,0,1,1,1
25,C050,5,C000,INTP,2,0,0,1,0,1,1,0,1
25,C050,5,C000,INFP,2,0,0,0,0,1,1,1,1
25,D020,4,D000,ENTP,3,1,0,1,0,0,1,0,1
25,D020,4,D000,ENTJ,3,1,0,1,1,0,1,0,0
25,D020,4,D000,INTP,3,0,0,1,0,1,1,0,1
25,D020,4,D000,INTJ,3,0,0,1,1,1,1,0,0
25,D020,4,D000,ESTP,3,1,1,1,0,0,0,0,1
25,D020,4,D000,ESTJ,3,1,1,1,1,0,0,0,0
25,D020,4,D000,ISTP,3,0,1,1,0,1,0,0,1
25,D020,4,#REF!,ISTJ,3,0,1,1,1,1,0,0,0
26,4120,15,4000,ESTJ,2,1,1,1,1,0,0,0,0
26,4120,15,4000,ESTP,2,1,1,1,0,0,0,0,1
26,4120,15,4000,ENTJ,2,1,0,1,1,0,1,0,0
26,4120,15,4000,ENTP,2,1,0,1,0,0,1,0,1
26,9066,2,9000,ISTJ,0,0,1,1,1,1,0,0,0
26,D050,9,D000,INTP,2,0,0,1,0,1,1,0,1
26,D050,9,D000,INTJ,2,0,0,1,1,1,1,0,0
26,D050,9,D000,ESTP,2,1,1,1,0,0,0,0,1
26,D050,9,D000,ISTP,2,0,1,1,0,1,0,0,1
27,1050,6,1000,ISTP,4,0,1,1,0,1,0,0,1
27,1050,6,1000,ISTJ,4,0,1,1,1,1,0,0,0
27,1050,6,1000,ISFP,4,0,1,0,0,1,0,1,1
27,1050,6,1000,ISFJ,4,0,1,0,1,1,0,1,0
27,1050,6,1000,INTP,4,0,0,1,0,1,1,0,1
27,1050,6,1000,INTJ,4,0,0,1,1,1,1,0,0
27,1050,6,1000,INFP,4,0,0,0,0,1,1,1,1
27,1050,6,1000,INFJ,4,0,0,0,1,1,1,1,0
27,1050,6,1000,ESTP,4,1,1,1,0,0,0,0,1
27,1050,6,1000,ESTJ,4,1,1,1,1,0,0,0,0
27,1050,6,1000,ESFP,4,1,1,0,0,0,0,1,1
27,1050,6,1000,ESFJ,4,1,1,0,1,0,0,1,0
27,1050,6,1000,ENTP,4,1,0,1,0,0,1,0,1
27,1050,6,1000,ENTJ,4,1,0,1,1,0,1,0,0
27,1050,6,1000,ENFP,4,1,0,0,0,0,1,1,1
27,1050,6,1000,ENFJ,4,1,0,0,1,0,1,1,0
27,1090,5,1000,ESTP,1,1,1,1,0,0,0,0,1
27,1090,5,1000,ESFP,1,1,1,0,0,0,0,1,1
27,4030,7,4000,ISTP,2,0,1,1,0,1,0,0,1
27,4030,7,4000,ISFP,2,0,1,0,0,1,0,1,1
27,4030,7,4000,ESTP,2,1,1,1,0,0,0,0,1
27,4030,7,4000,ESFP,2,1,1,0,0,0,0,1,1
27,4190,14,4000,ENFJ,1,1,0,0,1,0,1,1,0
27,4190,14,4000,INFJ,1,0,0,0,1,1,1,1,0
27,C050,12,C000,ENTP,2,1,0,1,0,0,1,0,1
27,C050,12,C000,ENFP,2,1,0,0,0,0,1,1,1
27,C050,12,C000,INTP,2,0,0,1,0,1,1,0,1
27,C050,12,C000,INFP,2,0,0,0,0,1,1,1,1
28,1030,9,1000,ISTP,3,0,1,1,0,1,0,0,1
28,1030,9,1000,ISTJ,3,0,1,1,1,1,0,0,0
28,1030,9,1000,ISFP,3,0,1,0,0,1,0,1,1
28,1030,9,1000,ISFJ,3,0,1,0,1,1,0,1,0
28,1030,9,1000,ESTP,3,1,1,1,0,0,0,0,1
28,1030,9,1000,ESTJ,3,1,1,1,1,0,0,0,0
28,1030,9,1000,ESFP,3,1,1,0,0,0,0,1,1
28,1030,9,1000,ESFJ,3,1,1,0,1,0,0,1,0
28,2013,10,2000,ESTJ,2,1,1,1,1,0,0,0,0
28,2013,10,2000,ESTP,2,1,1,1,0,0,0,0,1
28,2013,10,2000,ESFJ,2,1,1,0,1,0,0,1,0
28,2013,10,2000,ESFP,2,1,1,0,0,0,0,1,1
28,3010,1,3000,ENFP,0,1,0,0,0,0,1,1,1
28,4050,8,4000,ISTP,1,0,1,1,0,1,0,0,1
28,4050,8,4000,ISFP,1,0,1,0,0,1,0,1,1
28,4095,14,4000,ISTP,1,0,1,1,0,1,0,0,1
28,4095,14,4000,ESTP,1,1,1,1,0,0,0,0,1
28,7025,8,7000,ENFJ,2,1,0,0,1,0,1,1,0
28,7025,8,7000,ENFP,2,1,0,0,0,0,1,1,1
28,7025,8,7000,ESFJ,2,1,1,0,1,0,0,1,0
28,7025,8,7000,ESFP,2,1,1,0,0,0,0,1,1
28,8990,7,8000,ESTJ,2,1,1,1,1,0,0,0,0
28,8990,7,8000,ENTJ,2,1,0,1,1,0,1,0,0
28,8990,7,8000,ISTJ,2,0,1,1,1,1,0,0,0
28,8990,7,8000,INTJ,2,0,0,1,1,1,1,0,0
28,9005,4,9000,ESFP,1,1,1,0,0,0,0,1,1
28,9005,4,9000,ENFP,1,1,0,0,0,0,1,1,1
28,C990,12,C000,ENTP,2,1,0,1,0,0,1,0,1
28,C990,12,C000,ENFP,2,1,0,0,0,0,1,1,1
28,C990,12,C000,INTP,2,0,0,1,0,1,1,0,1
28,C990,12,C000,INFP,2,0,0,0,0,1,1,1,1
28,E010,3,E000,ESTP,3,1,1,1,0,0,0,0,1
28,E010,3,E000,ESFP,3,1,1,0,0,0,0,1,1
28,E010,3,E000,ENTP,3,1,0,1,0,0,1,0,1
28,E010,3,E000,ENFP,3,1,0,0,0,0,1,1,1
28,E010,3,E000,ISTP,3,0,1,1,0,1,0,0,1
28,E010,3,E000,ISFP,3,0,1,0,0,1,0,1,1
28,E010,3,E000,INTP,3,0,0,1,0,1,1,0,1
28,E010,3,E000,INFP,3,0,0,0,0,1,1,1,1
29,1010,4,1000,ISFP,1,0,1,0,0,1,0,1,1
29,1010,4,1000,ESFP,1,1,1,0,0,0,0,1,1
29,2013,14,2000,ESTJ,2,1,1,1,1,0,0,0,0
29,2013,14,2000,ESTP,2,1,1,1,0,0,0,0,1
29,2013,14,2000,ESFJ,2,1,1,0,1,0,0,1,0
29,2013,14,2000,ESFP,2,1,1,0,0,0,0,1,1
29,2020,2,2000,ESTJ,2,1,1,1,1,0,0,0,0
29,2020,2,2000,ESFJ,2,1,1,0,1,0,0,1,0
29,2020,2,2000,ENTJ,2,1,0,1,1,0,1,0,0
29,2020,2,2000,ENFJ,2,1,0,0,1,0,1,1,0
29,3080,2,3000,ISTP,1,0,1,1,0,1,0,0,1
29,3080,2,3000,INTP,1,0,0,1,0,1,1,0,1
29,3120,8,3000,ISTP,1,0,1,1,0,1,0,0,1
29,3120,8,3000,INTP,1,0,0,1,0,1,1,0,1
29,3123,6,3000,ESTJ,2,1,1,1,1,0,0,0,0
29,3123,6,3000,ESFJ,2,1,1,0,1,0,0,1,0
29,3123,6,3000,ENTJ,2,1,0,1,1,0,1,0,0
29,3123,6,3000,ENFJ,2,1,0,0,1,0,1,1,0
29,3990,12,3000,ESTJ,2,1,1,1,1,0,0,0,0
29,3990,12,3000,ESFJ,2,1,1,0,1,0,0,1,0
29,3990,12,3000,ISTJ,2,0,1,1,1,1,0,0,0
29,3990,12,3000,ISFJ,2,0,1,0,1,1,0,1,0
29,4050,4,4000,ISTP,1,0,1,1,0,1,0,0,1
29,4050,4,4000,ISFP,1,0,1,0,0,1,0,1,1
29,D060,7,D000,ESTP,1,1,1,1,0,0,0,0,1
29,D060,7,D000,ISTP,1,0,1,1,0,1,0,0,1
29,E060,14,E000,ESTJ,2,1,1,1,1,0,0,0,0
29,E060,14,E000,ENTJ,2,1,0,1,1,0,1,0,0
29,E060,14,E000,ISTJ,2,0,1,1,1,1,0,0,0
29,E060,14,E000,INTJ,2,0,0,1,1,1,1,0,0
30,1030,10,1000,ISTP,3,0,1,1,0,1,0,0,1
30,1030,10,1000,ISTJ,3,0,1,1,1,1,0,0,0
30,1030,10,1000,ISFP,3,0,1,0,0,1,0,1,1
30,1030,10,1000,ISFJ,3,0,1,0,1,1,0,1,0
30,1030,10,1000,ESTP,3,1,1,1,0,0,0,0,1
30,1030,10,1000,ESTJ,3,1,1,1,1,0,0,0,0
30,1030,10,1000,ESFP,3,1,1,0,0,0,0,1,1
30,1030,10,1000,ESFJ,3,1,1,0,1,0,0,1,0
30,4180,3,4000,ENFJ,1,1,0,0,1,0,1,1,0
30,4180,3,4000,INFJ,1,0,0,0,1,1,1,1,0
30,8040,12,8000,ESTJ,1,1,1,1,1,0,0,0,0
30,8040,12,8000,ISTJ,1,0,1,1,1,1,0,0,0
31,3130,11,3000,ISTP,2,0,1,1,0,1,0,0,1
31,3130,11,3000,ISFP,2,0,1,0,0,1,0,1,1
31,3130,11,3000,INTP,2,0,0,1,0,1,1,0,1
31,3130,11,3000,INFP,2,0,0,0,0,1,1,1,1
31,A020,14,A000,ENFJ,1,1,0,0,1,0,1,1,0
31,A020,14,A000,INFJ,1,0,0,0,1,1,1,1,0
32,3043,15,3000,ENFP,1,1,0,0,0,0,1,1,1
32,3043,15,3000,ENFP,1,1,0,0,0,0,1,1,1
32,3060,14,3000,ISTP,2,0,1,1,0,1,0,0,1
32,3060,14,3000,ISTJ,2,0,1,1,1,1,0,0,0
32,3060,14,3000,INTP,2,0,0,1,0,1,1,0,1
32,3060,14,3000,INTJ,2,0,0,1,1,1,1,0,0
32,3090,1,3000,ISTJ,1,0,1,1,1,1,0,0,0
32,3090,1,3000,INTJ,1,0,0,1,1,1,1,0,0
32,4120,3,4000,ESTJ,2,1,1,1,1,0,0,0,0
32,4120,3,4000,ESTP,2,1,1,1,0,0,0,0,1
32,4120,3,4000,ENTJ,2,1,0,1,1,0,1,0,0
32,4120,3,4000,ENTP,2,1,0,1,0,0,1,0,1
32,4200,8,4000,ESFP,0,1,1,0,0,0,0,1,1
32,7020,14,7000,ESFJ,2,1,1,0,1,0,0,1,0
32,7020,14,7000,ESTJ,2,1,1,1,1,0,0,0,0
32,7020,14,7000,ISFJ,2,0,1,0,1,1,0,1,0
32,7020,14,7000,ISTJ,2,0,1,1,1,1,0,0,0
32,8056,13,8000,ESTJ,2,1,1,1,1,0,0,0,0
32,8056,13,8000,ENTJ,2,1,0,1,1,0,1,0,0
32,8056,13,8000,ISTJ,2,0,1,1,1,1,0,0,0
32,8056,13,8000,INTJ,2,0,0,1,1,1,1,0,0
32,9070,10,9000,ESTJ,2,1,1,1,1,0,0,0,0
32,9070,10,9000,ESFJ,2,1,1,0,1,0,0,1,0
32,9070,10,9000,ISTJ,2,0,1,1,1,1,0,0,0
32,9070,10,9000,ISFJ,2,0,1,0,1,1,0,1,0
32,C010,11,C000,ENFP,0,1,0,0,0,0,1,1,1
33,6050,12,6000,ESTJ,3,1,1,1,1,0,0,0,0
33,6050,12,6000,ESTP,3,1,1,1,0,0,0,0,1
33,6050,12,6000,ENTJ,3,1,0,1,1,0,1,0,0
33,6050,12,6000,ENTP,3,1,0,1,0,0,1,0,1
33,6050,12,6000,ISTJ,3,0,1,1,1,1,0,0,0
33,6050,12,6000,ISTP,3,0,1,1,0,1,0,0,1
33,6050,12,6000,INTJ,3,0,0,1,1,1,1,0,0
33,6050,12,6000,INTP,3,0,0,1,0,1,1,0,1
33,E000,12,E000,INFJ,1,0,0,0,1,1,1,1,0
33,E000,12,E000,ENFJ,1,1,0,0,1,0,1,1,0
34,1040,6,1000,ISTP,4,0,1,1,0,1,0,0,1
34,1040,6,1000,ISTJ,4,0,1,1,1,1,0,0,0
34,1040,6,1000,ISFP,4,0,1,0,0,1,0,1,1
34,1040,6,1000,ISFJ,4,0,1,0,1,1,0,1,0
34,1040,6,1000,INTP,4,0,0,1,0,1,1,0,1
34,1040,6,1000,INTJ,4,0,0,1,1,1,1,0,0
34,1040,6,1000,INFP,4,0,0,0,0,1,1,1,1
34,1040,6,1000,INFJ,4,0,0,0,1,1,1,1,0
34,1040,6,1000,ESTP,4,1,1,1,0,0,0,0,1
34,1040,6,1000,ESTJ,4,1,1,1,1,0,0,0,0
34,1040,6,1000,ESFP,4,1,1,0,0,0,0,1,1
34,1040,6,1000,ESFJ,4,1,1,0,1,0,0,1,0
34,1040,6,1000,ENTP,4,1,0,1,0,0,1,0,1
34,1040,6,1000,ENTJ,4,1,0,1,1,0,1,0,0
34,1040,6,1000,ENFP,4,1,0,0,0,0,1,1,1
34,1040,6,1000,ENFJ,4,1,0,0,1,0,1,1,0
34,1120,14,1000,ISTJ,2,0,1,1,1,1,0,0,0
34,1120,14,1000,ISFJ,2,0,1,0,1,1,0,1,0
34,1120,14,1000,ESTJ,2,1,1,1,1,0,0,0,0
34,1120,14,1000,ESFJ,2,1,1,0,1,0,0,1,0
34,4120,13,4000,ESTJ,2,1,1,1,1,0,0,0,0
34,4120,13,4000,ESTP,2,1,1,1,0,0,0,0,1
34,4120,13,4000,ENTJ,2,1,0,1,1,0,1,0,0
34,4120,13,4000,ENTP,2,1,0,1,0,0,1,0,1
34,4130,8,4000,ISTJ,2,0,1,1,1,1,0,0,0
34,4130,8,4000,ISFJ,2,0,1,0,1,1,0,1,0
34,4130,8,4000,INTJ,2,0,0,1,1,1,1,0,0
34,4130,8,4000,INFJ,2,0,0,0,1,1,1,1,0
34,4990,11,4000,ENTP,3,1,0,1,0,0,1,0,1
34,4990,11,4000,ENTJ,3,1,0,1,1,0,1,0,0
34,4990,11,4000,ENFP,3,1,0,0,0,0,1,1,1
34,4990,11,4000,ENFJ,3,1,0,0,1,0,1,1,0
34,4990,11,4000,ESTP,3,1,1,1,0,0,0,0,1
34,4990,11,4000,ESTJ,3,1,1,1,1,0,0,0,0
34,4990,11,4000,ESFP,3,1,1,0,0,0,0,1,1
34,4990,11,4000,ESFJ,3,1,1,0,1,0,0,1,0
34,9063,4,9000,ESTJ,2,1,1,1,1,0,0,0,0
34,9063,4,9000,ESTP,2,1,1,1,0,0,0,0,1
34,9063,4,9000,ISTJ,2,0,1,1,1,1,0,0,0
34,9063,4,9000,ISTP,2,0,1,1,0,1,0,0,1
34,A990,2,A000,ENFJ,1,1,0,0,1,0,1,1,0
34,A990,2,A000,INFJ,1,0,0,0,1,1,1,1,0
34,B010,10,B000,ENFP,3,1,0,0,0,0,1,1,1
34,B010,10,B000,ESTP,3,1,1,1,0,0,0,0,1
34,B010,10,B000,ENTP,3,1,0,1,0,0,1,0,1
34,B010,10,B000,ESFP,3,1,1,0,0,0,0,1,1
34,B010,10,B000,INTP,3,0,0,1,0,1,1,0,1
34,B010,10,B000,INFP,3,0,0,0,0,1,1,1,1
34,B010,10,B000,ISTP,3,0,1,1,0,1,0,0,1
34,B010,10,B000,ISFP,3,0,1,0,0,1,0,1,1
35,1040,12,1000,ISTP,4,0,1,1,0,1,0,0,1
35,1040,12,1000,ISTJ,4,0,1,1,1,1,0,0,0
35,1040,12,1000,ISFP,4,0,1,0,0,1,0,1,1
35,1040,12,1000,ISFJ,4,0,1,0,1,1,0,1,0
35,1040,12,1000,INTP,4,0,0,1,0,1,1,0,1
35,1040,12,1000,INTJ,4,0,0,1,1,1,1,0,0
35,1040,12,1000,INFP,4,0,0,0,0,1,1,1,1
35,1040,12,1000,INFJ,4,0,0,0,1,1,1,1,0
35,1040,12,1000,ESTP,4,1,1,1,0,0,0,0,1
35,1040,12,1000,ESTJ,4,1,1,1,1,0,0,0,0
35,1040,12,1000,ESFP,4,1,1,0,0,0,0,1,1
35,1040,12,1000,ESFJ,4,1,1,0,1,0,0,1,0
35,1040,12,1000,ENTP,4,1,0,1,0,0,1,0,1
35,1040,12,1000,ENTJ,4,1,0,1,1,0,1,0,0
35,1040,12,1000,ENFP,4,1,0,0,0,0,1,1,1
35,1040,12,1000,ENFJ,4,1,0,0,1,0,1,1,0
35,2050,8,2000,ESFJ,1,1,1,0,1,0,0,1,0
35,2050,8,2000,ENFJ,1,1,0,0,1,0,1,1,0
35,2060,11,2000,ESFP,1,1,1,0,0,0,0,1,1
35,2060,11,2000,ESFJ,1,1,1,0,1,0,0,1,0
35,2990,1,2000,ESTJ,2,1,1,1,1,0,0,0,0
35,2990,1,2000,ENTJ,2,1,0,1,1,0,1,0,0
35,2990,1,2000,ISTJ,2,0,1,1,1,1,0,0,0
35,2990,1,2000,INTJ,2,0,0,1,1,1,1,0,0
35,4200,2,4000,ESFP,0,1,1,0,0,0,0,1,1
35,8065,15,8000,ESTP,2,1,1,1,0,0,0,0,1
35,8065,15,8000,ESTJ,2,1,1,1,1,0,0,0,0
35,8065,15,8000,ISTP,2,0,1,1,0,1,0,0,1
35,8065,15,8000,ISTJ,2,0,1,1,1,1,0,0,0
35,C020,15,C000,ESTP,3,1,1,1,0,0,0,0,1
35,C020,15,C000,ESFP,3,1,1,0,0,0,0,1,1
35,C020,15,C000,ENTP,3,1,0,1,0,0,1,0,1
35,C020,15,C000,ENFP,3,1,0,0,0,0,1,1,1
35,C020,15,C000,ISTP,3,0,1,1,0,1,0,0,1
35,C020,15,C000,ISFP,3,0,1,0,0,1,0,1,1
35,C020,15,C000,INTP,3,0,0,1,0,1,1,0,1
35,C020,15,C000,INFP,3,0,0,0,0,1,1,1,1
35,D040,2,D000,ESFP,1,1,1,0,0,0,0,1,1
35,D040,2,D000,ESFJ,1,1,1,0,1,0,0,1,0
36,2060,13,2000,ESFP,1,1,1,0,0,0,0,1,1
36,2060,13,2000,ESFJ,1,1,1,0,1,0,0,1,0
36,3050,9,3000,ISTJ,1,0,1,1,1,1,0,0,0
36,3050,9,3000,INTJ,1,0,0,1,1,1,1,0,0
36,3060,11,3000,ISTP,2,0,1,1,0,1,0,0,1
36,3060,11,3000,ISTJ,2,0,1,1,1,1,0,0,0
36,3060,11,3000,INTP,2,0,0,1,0,1,1,0,1
36,3060,11,3000,INTJ,2,0,0,1,1,1,1,0,0
36,A010,7,A000,ENFJ,1,1,0,0,1,0,1,1,0
36,A010,7,A000,INFJ,1,0,0,0,1,1,1,1,0
37,2090,13,2000,ISTJ,2,0,1,1,1,1,0,0,0
37,2090,13,2000,ISFJ,2,0,1,0,1,1,0,1,0
37,2090,13,2000,INTJ,2,0,0,1,1,1,1,0,0
37,2090,13,2000,INFJ,2,0,0,0,1,1,1,1,0
37,3010,2,3000,ENFP,0,1,0,0,0,0,1,1,1
37,3120,2,3000,ISTP,1,0,1,1,0,1,0,0,1
37,3120,2,3000,INTP,1,0,0,1,0,1,1,0,1
37,4120,14,4000,ESTJ,2,1,1,1,1,0,0,0,0
37,4120,14,4000,ESTP,2,1,1,1,0,0,0,0,1
37,4120,14,4000,ENTJ,2,1,0,1,1,0,1,0,0
37,4120,14,4000,ENTP,2,1,0,1,0,0,1,0,1
37,4140,13,4000,ISFP,1,0,1,0,0,1,0,1,1
37,4140,13,4000,ESFP,1,1,1,0,0,0,0,1,1
37,8110,8,8000,ESTJ,2,1,1,1,1,0,0,0,0
37,8110,8,8000,ENTJ,2,1,0,1,1,0,1,0,0
37,8110,8,8000,ISTJ,2,0,1,1,1,1,0,0,0
37,8110,8,8000,INTJ,2,0,0,1,1,1,1,0,0
37,9063,1,9000,ESTJ,2,1,1,1,1,0,0,0,0
37,9063,1,9000,ESTP,2,1,1,1,0,0,0,0,1
37,9063,1,9000,ISTJ,2,0,1,1,1,1,0,0,0
37,9063,1,9000,ISTP,2,0,1,1,0,1,0,0,1
37,D030,2,D000,INTP,2,0,0,1,0,1,1,0,1
37,D030,2,D000,INTJ,2,0,0,1,1,1,1,0,0
37,D030,2,D000,ESTP,2,1,1,1,0,0,0,0,1
37,D030,2,D000,ISTP,2,0,1,1,0,1,0,0,1
37,D060,1,D000,ESTP,1,1,1,1,0,0,0,0,1
37,D060,1,D000,ISTP,1,0,1,1,0,1,0,0,1
38,1120,3,1000,ISTJ,2,0,1,1,1,1,0,0,0
38,1120,3,1000,ISFJ,2,0,1,0,1,1,0,1,0
38,1120,3,1000,ESTJ,2,1,1,1,1,0,0,0,0
38,1120,3,1000,ESFJ,2,1,1,0,1,0,0,1,0
38,3170,5,3000,INFP,0,0,0,0,0,1,1,1,1
38,7040,10,7000,ESTJ,2,1,1,1,1,0,0,0,0
38,7040,10,7000,ENTJ,2,1,0,1,1,0,1,0,0
38,7040,10,7000,ISTJ,2,0,1,1,1,1,0,0,0
38,7040,10,7000,INTJ,2,0,0,1,1,1,1,0,0
38,8020,14,8000,ESTJ,2,1,1,1,1,0,0,0,0
38,8020,14,8000,ENTJ,2,1,0,1,1,0,1,0,0
38,8020,14,8000,ISTJ,2,0,1,1,1,1,0,0,0
38,8020,14,8000,INTJ,2,0,0,1,1,1,1,0,0
38,A033,14,A000,ESFP,2,1,1,0,0,0,0,1,1
38,A033,14,A000,ESFJ,2,1,1,0,1,0,0,1,0
38,A033,14,A000,ISFP,2,0,1,0,0,1,0,1,1
38,A033,14,A000,ISFJ,2,0,1,0,1,1,0,1,0
38,A090,14,A000,ENFJ,1,1,0,0,1,0,1,1,0
38,A090,14,A000,INFJ,1,0,0,0,1,1,1,1,0
39,2090,1,2000,ISTJ,2,0,1,1,1,1,0,0,0
39,2090,1,2000,ISFJ,2,0,1,0,1,1,0,1,0
39,2090,1,2000,INTJ,2,0,0,1,1,1,1,0,0
39,2090,1,2000,INFJ,2,0,0,0,1,1,1,1,0
39,4030,11,4000,ISTP,2,0,1,1,0,1,0,0,1
39,4030,11,4000,ISFP,2,0,1,0,0,1,0,1,1
39,4030,11,4000,ESTP,2,1,1,1,0,0,0,0,1
39,4030,11,4000,ESFP,2,1,1,0,0,0,0,1,1
39,6036,7,6000,ESFP,1,1,1,0,0,0,0,1,1
39,6036,7,6000,ENFP,1,1,0,0,0,0,1,1,1
39,7025,15,7000,ENFJ,2,1,0,0,1,0,1,1,0
39,7025,15,7000,ENFP,2,1,0,0,0,0,1,1,1
39,7025,15,7000,ESFJ,2,1,1,0,1,0,0,1,0
39,7025,15,7000,ESFP,2,1,1,0,0,0,0,1,1
39,9010,6,9000,ISTJ,2,0,1,1,1,1,0,0,0
39,9010,6,9000,ISFJ,2,0,1,0,1,1,0,1,0
39,9010,6,9000,INTJ,2,0,0,1,1,1,1,0,0
39,9010,6,9000,INFJ,2,0,0,0,1,1,1,1,0
39,9063,13,9000,ESTJ,2,1,1,1,1,0,0,0,0
39,9063,13,9000,ESTP,2,1,1,1,0,0,0,0,1
39,9063,13,9000,ISTJ,2,0,1,1,1,1,0,0,0
39,9063,13,9000,ISTP,2,0,1,1,0,1,0,0,1
39,9066,13,9000,ISTJ,0,0,1,1,1,1,0,0,0
39,A020,14,A000,ENFJ,1,1,0,0,1,0,1,1,0
39,A020,14,A000,INFJ,1,0,0,0,1,1,1,1,0
39,B010,14,B000,ENFP,3,1,0,0,0,0,1,1,1
39,B010,14,B000,ESTP,3,1,1,1,0,0,0,0,1
39,B010,14,B000,ENTP,3,1,0,1,0,0,1,0,1
39,B010,14,B000,ESFP,3,1,1,0,0,0,0,1,1
39,B010,14,B000,INTP,3,0,0,1,0,1,1,0,1
39,B010,14,B000,INFP,3,0,0,0,0,1,1,1,1
39,B010,14,B000,ISTP,3,0,1,1,0,1,0,0,1
39,B010,14,B000,ISFP,3,0,1,0,0,1,0,1,1
39,B020,4,B000,ENTP,2,1,0,1,0,0,1,0,1
39,B020,4,B000,ENFP,2,1,0,0,0,0,1,1,1
39,B020,4,B000,INTP,2,0,0,1,0,1,1,0,1
39,B020,4,B000,INFP,2,0,0,0,0,1,1,1,1
40,2100,3,2000,ISTJ,2,0,1,1,1,1,0,0,0
40,2100,3,2000,ISFJ,2,0,1,0,1,1,0,1,0
40,2100,3,2000,INTJ,2,0,0,1,1,1,1,0,0
40,2100,3,2000,INFJ,2,0,0,0,1,1,1,1,0
40,3120,3,3000,ISTP,1,0,1,1,0,1,0,0,1
40,3120,3,3000,INTP,1,0,0,1,0,1,1,0,1
40,3123,2,3000,ESTJ,2,1,1,1,1,0,0,0,0
40,3123,2,3000,ESFJ,2,1,1,0,1,0,0,1,0
40,3123,2,3000,ENTJ,2,1,0,1,1,0,1,0,0
40,3123,2,3000,ENFJ,2,1,0,0,1,0,1,1,0
40,4100,2,4000,ESTP,3,1,1,1,0,0,0,0,1
40,4100,2,4000,ESTJ,3,1,1,1,1,0,0,0,0
40,4100,2,4000,ENTP,3,1,0,1,0,0,1,0,1
40,4100,2,4000,ENTJ,3,1,0,1,1,0,1,0,0
40,4100,2,4000,ISTP,3,0,1,1,0,1,0,0,1
40,4100,2,4000,ISTJ,3,0,1,1,1,1,0,0,0
40,4100,2,4000,INTP,3,0,0,1,0,1,1,0,1
40,4100,2,4000,INTJ,3,0,0,1,1,1,1,0,0
40,4220,14,4000,ENTP,3,1,0,1,0,0,1,0,1
40,4220,14,4000,ENTJ,3,1,0,1,1,0,1,0,0
40,4220,14,4000,ENFP,3,1,0,0,0,0,1,1,1
40,4220,14,4000,ENFJ,3,1,0,0,1,0,1,1,0
40,4220,14,4000,ESTP,3,1,1,1,0,0,0,0,1
40,4220,14,4000,ESTJ,3,1,1,1,1,0,0,0,0
40,4220,14,4000,ESFP,3,1,1,0,0,0,0,1,1
40,4220,14,4000,ESFJ,3,1,1,0,1,0,0,1,0
40,9005,6,9000,ESFP,1,1,1,0,0,0,0,1,1
40,9005,6,9000,ENFP,1,1,0,0,0,0,1,1,1
40,A990,15,A000,ENFJ,1,1,0,0,1,0,1,1,0
40,A990,15,A000,INFJ,1,0,0,0,1,1,1,1,0
40,B030,9,B000,INTP ,0,0,0,1,0,1,1,0,1
41,3080,1,3000,ISTP,1,0,1,1,0,1,0,0,1
41,3080,1,3000,INTP,1,0,0,1,0,1,1,0,1
42,4210,4,4000,ESFP,1,1,1,0,0,0,0,1,1
42,4210,4,4000,ESFJ,1,1,1,0,1,0,0,1,0
43,2013,4,2000,ESTJ,2,1,1,1,1,0,0,0,0
43,2013,4,2000,ESTP,2,1,1,1,0,0,0,0,1
43,2013,4,2000,ESFJ,2,1,1,0,1,0,0,1,0
43,2013,4,2000,ESFP,2,1,1,0,0,0,0,1,1
43,2016,12,2000,ENTJ,2,1,0,1,1,0,1,0,0
43,2016,12,2000,ENTP,2,1,0,1,0,0,1,0,1
43,2016,12,2000,ENFJ,2,1,0,0,1,0,1,1,0
43,2016,12,2000,ENFP,2,1,0,0,0,0,1,1,1
44,4040,14,4000,ESTJ,2,1,1,1,1,0,0,0,0
44,4040,14,4000,ENTJ,2,1,0,1,1,0,1,0,0
44,4040,14,4000,ISTJ,2,0,1,1,1,1,0,0,0
44,4040,14,4000,INTJ,2,0,0,1,1,1,1,0,0
44,4120,11,4000,ESTJ,2,1,1,1,1,0,0,0,0
44,4120,11,4000,ESTP,2,1,1,1,0,0,0,0,1
44,4120,11,4000,ENTJ,2,1,0,1,1,0,1,0,0
44,4120,11,4000,ENTP,2,1,0,1,0,0,1,0,1
44,6010,5,6000,ESTJ,1,1,1,1,1,0,0,0,0
44,6010,5,6000,ISTJ,1,0,1,1,1,1,0,0,0
44,6020,5,6000,ESFP,1,1,1,0,0,0,0,1,1
44,6020,5,6000,ESFJ,1,1,1,0,1,0,0,1,0
44,8095,4,8000,ESTP,2,1,1,1,0,0,0,0,1
44,8095,4,8000,ESTJ,2,1,1,1,1,0,0,0,0
44,8095,4,8000,ISTP,2,0,1,1,0,1,0,0,1
44,8095,4,8000,ISTJ,2,0,1,1,1,1,0,0,0
44,9070,9,9000,ESTJ,2,1,1,1,1,0,0,0,0
44,9070,9,9000,ESFJ,2,1,1,0,1,0,0,1,0
44,9070,9,9000,ISTJ,2,0,1,1,1,1,0,0,0
44,9070,9,9000,ISFJ,2,0,1,0,1,1,0,1,0
44,B040,4,B000,ENTP,2,1,0,1,0,0,1,0,1
44,B040,4,B000,ESTP,2,1,1,1,0,0,0,0,1
44,B040,4,B000,INTP,2,0,0,1,0,1,1,0,1
44,B040,4,B000,ISTP,2,0,1,1,0,1,0,0,1
44,E050,12,E000,INFJ,1,0,0,0,1,1,1,1,0
44,E050,12,E000,ENFJ,1,1,0,0,1,0,1,1,0
45,1010,12,1000,ISFP,1,0,1,0,0,1,0,1,1
45,1010,12,1000,ESFP,1,1,1,0,0,0,0,1,1
45,3120,13,3000,ISTP,1,0,1,1,0,1,0,0,1
45,3120,13,3000,INTP,1,0,0,1,0,1,1,0,1
45,3160,9,3000,ESTP,2,1,1,1,0,0,0,0,1
45,3160,9,3000,ESTJ,2,1,1,1,1,0,0,0,0
45,3160,9,3000,ESFP,2,1,1,0,0,0,0,1,1
45,3160,9,3000,ESFJ,2,1,1,0,1,0,0,1,0
45,3990,7,3000,ESTJ,2,1,1,1,1,0,0,0,0
45,3990,7,3000,ESFJ,2,1,1,0,1,0,0,1,0
45,3990,7,3000,ISTJ,2,0,1,1,1,1,0,0,0
45,3990,7,3000,ISFJ,2,0,1,0,1,1,0,1,0
45,8075,14,8000,ESTP,2,1,1,1,0,0,0,0,1
45,8075,14,8000,ESTJ,2,1,1,1,1,0,0,0,0
45,8075,14,8000,ISTP,2,0,1,1,0,1,0,0,1
45,8075,14,8000,ISTJ,2,0,1,1,1,1,0,0,0
45,A050,5,A000,ESFP,1,1,1,0,0,0,0,1,1
45,A050,5,A000,ENFP,1,1,0,0,0,0,1,1,1
45,A990,9,A000,ENFJ,1,1,0,0,1,0,1,1,0
45,A990,9,A000,INFJ,1,0,0,0,1,1,1,1,0
45,C035,8,C000,ISTP,2,0,1,1,0,1,0,0,1
45,C035,8,C000,ISFP,2,0,1,0,0,1,0,1,1
45,C035,8,C000,ESTP,2,1,1,1,0,0,0,0,1
45,C035,8,C000,ESFP,2,1,1,0,0,0,0,1,1
45,C990,6,C000,ENTP,2,1,0,1,0,0,1,0,1
45,C990,6,C000,ENFP,2,1,0,0,0,0,1,1,1
45,C990,6,C000,INTP,2,0,0,1,0,1,1,0,1
45,C990,6,C000,INFP,2,0,0,0,0,1,1,1,1
45,D010,9,D000,ESTJ,2,1,1,1,1,0,0,0,0
45,D010,9,D000,ENTJ,2,1,0,1,1,0,1,0,0
45,D010,9,D000,ISTJ,2,0,1,1,1,1,0,0,0
45,D010,9,D000,INTJ,2,0,0,1,1,1,1,0,0
46,B050,6,B000,ENTP,2,1,0,1,0,0,1,0,1
46,B050,6,B000,ENFP,2,1,0,0,0,0,1,1,1
46,B050,6,B000,INTP,2,0,0,1,0,1,1,0,1
46,B050,6,B000,INFP,2,0,0,0,0,1,1,1,1
47,3160,9,3000,ESTP,2,1,1,1,0,0,0,0,1
47,3160,9,3000,ESTJ,2,1,1,1,1,0,0,0,0
47,3160,9,3000,ESFP,2,1,1,0,0,0,0,1,1
47,3160,9,3000,ESFJ,2,1,1,0,1,0,0,1,0
47,6010,2,6000,ESTJ,1,1,1,1,1,0,0,0,0
47,6010,2,6000,ISTJ,1,0,1,1,1,1,0,0,0
47,A020,2,A000,ENFJ,1,1,0,0,1,0,1,1,0
47,A020,2,A000,INFJ,1,0,0,0,1,1,1,1,0
48,2016,6,2000,ENTJ,2,1,0,1,1,0,1,0,0
48,2016,6,2000,ENTP,2,1,0,1,0,0,1,0,1
48,2016,6,2000,ENFJ,2,1,0,0,1,0,1,1,0
48,2016,6,2000,ENFP,2,1,0,0,0,0,1,1,1
48,2020,2,2000,ESTJ,2,1,1,1,1,0,0,0,0
48,2020,2,2000,ESFJ,2,1,1,0,1,0,0,1,0
48,2020,2,2000,ENTJ,2,1,0,1,1,0,1,0,0
48,2020,2,2000,ENFJ,2,1,0,0,1,0,1,1,0
48,3110,8,3000,ISTJ,2,0,1,1,1,1,0,0,0
48,3110,8,3000,ISFJ,2,0,1,0,1,1,0,1,0
48,3110,8,3000,INTJ,2,0,0,1,1,1,1,0,0
48,3110,8,3000,INFJ,2,0,0,0,1,1,1,1,0
48,3170,1,3000,INFP,0,0,0,0,0,1,1,1,1
48,4015,12,4000,ESFP,1,1,1,0,0,0,0,1,1
48,4015,12,4000,ENFP,1,1,0,0,0,0,1,1,1
48,B030,13,B000,INTP ,0,0,0,1,0,1,1,0,1
48,C060,15,C000,ISTJ,1,0,1,1,1,1,0,0,0
48,C060,15,C000,INTJ,1,0,0,1,1,1,1,0,0
48,D070,2,D000,ESTP,2,1,1,1,0,0,0,0,1
48,D070,2,D000,ENTP,2,1,0,1,0,0,1,0,1
48,D070,2,D000,ISTP,2,0,1,1,0,1,0,0,1
48,D070,2,D000,INTP,2,0,0,1,0,1,1,0,1
49,1080,5,1000,ISTJ,2,0,1,1,1,1,0,0,0
49,1080,5,1000,ISFJ,2,0,1,0,1,1,0,1,0
49,1080,5,1000,ESTJ,2,1,1,1,1,0,0,0,0
49,1080,5,1000,ESFJ,2,1,1,0,1,0,0,1,0
49,3090,4,3000,ISTJ,1,0,1,1,1,1,0,0,0
49,3090,4,3000,INTJ,1,0,0,1,1,1,1,0,0
49,A038,10,A000,ESFP,2,1,1,0,0,0,0,1,1
49,A038,10,A000,ESFJ,2,1,1,0,1,0,0,1,0
49,A038,10,A000,ISFP,2,0,1,0,0,1,0,1,1
49,A038,10,A000,ISFJ,2,0,1,0,1,1,0,1,0
49,A070,14,A000,ENFJ,1,1,0,0,1,0,1,1,0
49,A070,14,A000,INFJ,1,0,0,0,1,1,1,1,0
50,2090,4,2000,ISTJ,2,0,1,1,1,1,0,0,0
50,2090,4,2000,ISFJ,2,0,1,0,1,1,0,1,0
50,2090,4,2000,INTJ,2,0,0,1,1,1,1,0,0
50,2090,4,2000,INFJ,2,0,0,0,1,1,1,1,0
50,3090,11,3000,ISTJ,1,0,1,1,1,1,0,0,0
50,3090,11,3000,INTJ,1,0,0,1,1,1,1,0,0
50,4015,1,4000,ESFP,1,1,1,0,0,0,0,1,1
50,4015,1,4000,ENFP,1,1,0,0,0,0,1,1,1
50,4040,4,4000,ESTJ,2,1,1,1,1,0,0,0,0
50,4040,4,4000,ENTJ,2,1,0,1,1,0,1,0,0
50,4040,4,4000,ISTJ,2,0,1,1,1,1,0,0,0
50,4040,4,4000,INTJ,2,0,0,1,1,1,1,0,0
50,4210,11,4000,ESFP,1,1,1,0,0,0,0,1,1
50,4210,11,4000,ESFJ,1,1,1,0,1,0,0,1,0
50,7040,9,7000,ESTJ,2,1,1,1,1,0,0,0,0
50,7040,9,7000,ENTJ,2,1,0,1,1,0,1,0,0
50,7040,9,7000,ISTJ,2,0,1,1,1,1,0,0,0
50,7040,9,7000,INTJ,2,0,0,1,1,1,1,0,0
50,A020,12,A000,ENFJ,1,1,0,0,1,0,1,1,0
50,A020,12,A000,INFJ,1,0,0,0,1,1,1,1,0
50,A080,7,A000,ENFJ,3,1,0,0,1,0,1,1,0
50,A080,7,A000,ENFP,3,1,0,0,0,0,1,1,1
50,A080,7,A000,ENTJ,3,1,0,1,1,0,1,0,0
50,A080,7,A000,ENTP,3,1,0,1,0,0,1,0,1
50,A080,7,A000,INFJ,3,0,0,0,1,1,1,1,0
50,A080,7,A000,INFP,3,0,0,0,0,1,1,1,1
50,A080,7,A000,INTJ,3,0,0,1,1,1,1,0,0
50,A080,7,A000,INTP,3,0,0,1,0,1,1,0,1
50,B020,12,B000,ENTP,2,1,0,1,0,0,1,0,1
50,B020,12,B000,ENFP,2,1,0,0,0,0,1,1,1
50,B020,12,B000,INTP,2,0,0,1,0,1,1,0,1
50,B020,12,B000,INFP,2,0,0,0,0,1,1,1,1
51,2050,14,2000,ESFJ,1,1,1,0,1,0,0,1,0
51,2050,14,2000,ENFJ,1,1,0,0,1,0,1,1,0
51,4090,5,4000,INTP,3,0,0,1,0,1,1,0,1
51,4090,5,4000,INTJ,3,0,0,1,1,1,1,0,0
51,4090,5,4000,INFP,3,0,0,0,0,1,1,1,1
51,4090,5,4000,INFJ,3,0,0,0,1,1,1,1,0
51,4090,5,4000,ISTP,3,0,1,1,0,1,0,0,1
51,4090,5,4000,ISTJ,3,0,1,1,1,1,0,0,0
51,4090,5,4000,ISFP,3,0,1,0,0,1,0,1,1
51,4090,5,4000,ISFJ,3,0,1,0,1,1,0,1,0
51,4095,6,4000,ISTP,1,0,1,1,0,1,0,0,1
51,4095,6,4000,ESTP,1,1,1,1,0,0,0,0,1
51,8065,7,8000,ESTP,2,1,1,1,0,0,0,0,1
51,8065,7,8000,ESTJ,2,1,1,1,1,0,0,0,0
51,8065,7,8000,ISTP,2,0,1,1,0,1,0,0,1
51,8065,7,8000,ISTJ,2,0,1,1,1,1,0,0,0
52,3060,11,3000,ISTP,2,0,1,1,0,1,0,0,1
52,3060,11,3000,ISTJ,2,0,1,1,1,1,0,0,0
52,3060,11,3000,INTP,2,0,0,1,0,1,1,0,1
52,3060,11,3000,INTJ,2,0,0,1,1,1,1,0,0
52,8065,7,8000,ESTP,2,1,1,1,0,0,0,0,1
52,8065,7,8000,ESTJ,2,1,1,1,1,0,0,0,0
52,8065,7,8000,ISTP,2,0,1,1,0,1,0,0,1
52,8065,7,8000,ISTJ,2,0,1,1,1,1,0,0,0
52,D060,10,D000,ESTP,1,1,1,1,0,0,0,0,1
52,D060,10,D000,ISTP,1,0,1,1,0,1,0,0,1
53,1010,6,1000,ISFP,1,0,1,0,0,1,0,1,1
53,1010,6,1000,ESFP,1,1,1,0,0,0,0,1,1
53,1080,1,1000,ISTJ,2,0,1,1,1,1,0,0,0
53,1080,1,1000,ISFJ,2,0,1,0,1,1,0,1,0
53,1080,1,1000,ESTJ,2,1,1,1,1,0,0,0,0
53,1080,1,1000,ESFJ,2,1,1,0,1,0,0,1,0
53,2050,15,2000,ESFJ,1,1,1,0,1,0,0,1,0
53,2050,15,2000,ENFJ,1,1,0,0,1,0,1,1,0
53,3043,15,3000,ENFP,1,1,0,0,0,0,1,1,1
53,3043,15,3000,ENFP,1,1,0,0,0,0,1,1,1
53,3090,10,3000,ISTJ,1,0,1,1,1,1,0,0,0
53,3090,10,3000,INTJ,1,0,0,1,1,1,1,0,0
53,4130,3,4000,ISTJ,2,0,1,1,1,1,0,0,0
53,4130,3,4000,ISFJ,2,0,1,0,1,1,0,1,0
53,4130,3,4000,INTJ,2,0,0,1,1,1,1,0,0
53,4130,3,4000,INFJ,2,0,0,0,1,1,1,1,0
53,4170,11,4000,ESFP,1,1,1,0,0,0,0,1,1
53,4170,11,4000,ESFJ,1,1,1,0,1,0,0,1,0
53,6015,13,6000,ISFP,1,0,1,0,0,1,0,1,1
53,6015,13,6000,ISFJ,1,0,1,0,1,1,0,1,0
53,A030,6,A000,ESTJ,3,1,1,1,1,0,0,0,0
53,A030,6,A000,ESTP,3,1,1,1,0,0,0,0,1
53,A030,6,A000,ENTJ,3,1,0,1,1,0,1,0,0
53,A030,6,A000,ENTP,3,1,0,1,0,0,1,0,1
53,A030,6,A000,ISTJ,3,0,1,1,1,1,0,0,0
53,A030,6,A000,ISTP,3,0,1,1,0,1,0,0,1
53,A030,6,A000,INTJ,3,0,0,1,1,1,1,0,0
53,A030,6,A000,INTP,3,0,0,1,0,1,1,0,1
53,E010,11,E000,ESTP,3,1,1,1,0,0,0,0,1
53,E010,11,E000,ESFP,3,1,1,0,0,0,0,1,1
53,E010,11,E000,ENTP,3,1,0,1,0,0,1,0,1
53,E010,11,E000,ENFP,3,1,0,0,0,0,1,1,1
53,E010,11,E000,ISTP,3,0,1,1,0,1,0,0,1
53,E010,11,E000,ISFP,3,0,1,0,0,1,0,1,1
53,E010,11,E000,INTP,3,0,0,1,0,1,1,0,1
53,E010,11,E000,INFP,3,0,0,0,0,1,1,1,1
54,2110,4,2000,ESTP,1,1,1,1,0,0,0,0,1
54,2110,4,2000,ESFP,1,1,1,0,0,0,0,1,1
54,2120,15,2000,ISTJ,2,0,1,1,1,1,0,0,0
54,2120,15,2000,ISFJ,2,0,1,0,1,1,0,1,0
54,2120,15,2000,INTJ,2,0,0,1,1,1,1,0,0
54,2120,15,2000,INFJ,2,0,0,0,1,1,1,1,0
54,3130,11,3000,ISTP,2,0,1,1,0,1,0,0,1
54,3130,11,3000,ISFP,2,0,1,0,0,1,0,1,1
54,3130,11,3000,INTP,2,0,0,1,0,1,1,0,1
54,3130,11,3000,INFP,2,0,0,0,0,1,1,1,1
54,4030,14,4000,ISTP,2,0,1,1,0,1,0,0,1
54,4030,14,4000,ISFP,2,0,1,0,0,1,0,1,1
54,4030,14,4000,ESTP,2,1,1,1,0,0,0,0,1
54,4030,14,4000,ESFP,2,1,1,0,0,0,0,1,1
54,4190,10,4000,ENFJ,1,1,0,0,1,0,1,1,0
54,4190,10,4000,INFJ,1,0,0,0,1,1,1,1,0
54,4220,12,4000,ENTP,3,1,0,1,0,0,1,0,1
54,4220,12,4000,ENTJ,3,1,0,1,1,0,1,0,0
54,4220,12,4000,ENFP,3,1,0,0,0,0,1,1,1
54,4220,12,4000,ENFJ,3,1,0,0,1,0,1,1,0
54,4220,12,4000,ESTP,3,1,1,1,0,0,0,0,1
54,4220,12,4000,ESTJ,3,1,1,1,1,0,0,0,0
54,4220,12,4000,ESFP,3,1,1,0,0,0,0,1,1
54,4220,12,4000,ESFJ,3,1,1,0,1,0,0,1,0
54,7030,4,7000,ENFJ,2,1,0,0,1,0,1,1,0
54,7030,4,7000,ENFP,2,1,0,0,0,0,1,1,1
54,7030,4,7000,ESFJ,2,1,1,0,1,0,0,1,0
54,7030,4,7000,ESFP,2,1,1,0,0,0,0,1,1
54,A010,10,A000,ENFJ,1,1,0,0,1,0,1,1,0
54,A010,10,A000,INFJ,1,0,0,0,1,1,1,1,0
54,A040,13,A000,ESFP,2,1,1,0,0,0,0,1,1
54,A040,13,A000,ESFJ,2,1,1,0,1,0,0,1,0
54,A040,13,A000,ISFP,2,0,1,0,0,1,0,1,1
54,A040,13,A000,ISFJ,2,0,1,0,1,1,0,1,0
54,D020,9,D000,ENTP,3,1,0,1,0,0,1,0,1
54,D020,9,D000,ENTJ,3,1,0,1,1,0,1,0,0
54,D020,9,D000,INTP,3,0,0,1,0,1,1,0,1
54,D020,9,D000,INTJ,3,0,0,1,1,1,1,0,0
54,D020,9,D000,ESTP,3,1,1,1,0,0,0,0,1
54,D020,9,D000,ESTJ,3,1,1,1,1,0,0,0,0
54,D020,9,D000,ISTP,3,0,1,1,0,1,0,0,1
54,D020,9,#REF!,ISTJ,3,0,1,1,1,1,0,0,0
55,1110,9,1000,ESTP,3,1,1,1,0,0,0,0,1
55,1110,9,1000,ESFP,3,1,1,0,0,0,0,1,1
55,1110,9,1000,ISTP,3,0,1,1,0,1,0,0,1
55,1110,9,1000,ISFP,3,0,1,0,0,1,0,1,1
55,1110,9,1000,ISTJ,3,0,1,1,1,1,0,0,0
55,1110,9,1000,ISFJ,3,0,1,0,1,1,0,1,0
55,1110,9,1000,ESTJ,3,1,1,1,1,0,0,0,0
55,1110,9,1000,ESFJ,3,1,1,0,1,0,0,1,0
55,3090,4,3000,ISTJ,1,0,1,1,1,1,0,0,0
55,3090,4,3000,INTJ,1,0,0,1,1,1,1,0,0
55,4200,13,4000,ESFP,0,1,1,0,0,0,0,1,1
55,6055,7,6000,ISTJ,0,0,1,1,1,1,0,0,0
55,8085,15,8000,ISTP,2,0,1,1,0,1,0,0,1
55,8085,15,8000,INTP,2,0,0,1,0,1,1,0,1
55,8085,15,8000,ESTP,2,1,1,1,0,0,0,0,1
55,8085,15,8000,ENTP,2,1,0,1,0,0,1,0,1
55,A036,4,A000,ESFP,2,1,1,0,0,0,0,1,1
55,A036,4,A000,ESFJ,2,1,1,0,1,0,0,1,0
55,A036,4,A000,ISFP,2,0,1,0,0,1,0,1,1
55,A036,4,A000,ISFJ,2,0,1,0,1,1,0,1,0
55,C050,15,C000,ENTP,2,1,0,1,0,0,1,0,1
55,C050,15,C000,ENFP,2,1,0,0,0,0,1,1,1
55,C050,15,C000,INTP,2,0,0,1,0,1,1,0,1
55,C050,15,C000,INFP,2,0,0,0,0,1,1,1,1
56,9061,9,9000,ENTP,0,1,0,1,0,0,1,0,1
56,A010,2,A000,ENFJ,1,1,0,0,1,0,1,1,0
56,A010,2,A000,INFJ,1,0,0,0,1,1,1,1,0
56,A080,2,A000,ENFJ,3,1,0,0,1,0,1,1,0
56,A080,2,A000,ENFP,3,1,0,0,0,0,1,1,1
56,A080,2,A000,ENTJ,3,1,0,1,1,0,1,0,0
56,A080,2,A000,ENTP,3,1,0,1,0,0,1,0,1
56,A080,2,A000,INFJ,3,0,0,0,1,1,1,1,0
56,A080,2,A000,INFP,3,0,0,0,0,1,1,1,1
56,A080,2,A000,INTJ,3,0,0,1,1,1,1,0,0
56,A080,2,A000,INTP,3,0,0,1,0,1,1,0,1
57,2030,14,2000,ISTJ,2,0,1,1,1,1,0,0,0
57,2030,14,2000,ISFJ,2,0,1,0,1,1,0,1,0
57,2030,14,2000,INTJ,2,0,0,1,1,1,1,0,0
57,2030,14,2000,INFJ,2,0,0,0,1,1,1,1,0
57,8085,9,8000,ISTP,2,0,1,1,0,1,0,0,1
57,8085,9,8000,INTP,2,0,0,1,0,1,1,0,1
57,8085,9,8000,ESTP,2,1,1,1,0,0,0,0,1
57,8085,9,8000,ENTP,2,1,0,1,0,0,1,0,1
57,A080,7,A000,ENFJ,3,1,0,0,1,0,1,1,0
57,A080,7,A000,ENFP,3,1,0,0,0,0,1,1,1
57,A080,7,A000,ENTJ,3,1,0,1,1,0,1,0,0
57,A080,7,A000,ENTP,3,1,0,1,0,0,1,0,1
57,A080,7,A000,INFJ,3,0,0,0,1,1,1,1,0
57,A080,7,A000,INFP,3,0,0,0,0,1,1,1,1
57,A080,7,A000,INTJ,3,0,0,1,1,1,1,0,0
57,A080,7,A000,INTP,3,0,0,1,0,1,1,0,1
57,D050,6,D000,INTP,2,0,0,1,0,1,1,0,1
57,D050,6,D000,INTJ,2,0,0,1,1,1,1,0,0
57,D050,6,D000,ESTP,2,1,1,1,0,0,0,0,1
57,D050,6,D000,ISTP,2,0,1,1,0,1,0,0,1
58,4100,3,4000,ESTP,3,1,1,1,0,0,0,0,1
58,4100,3,4000,ESTJ,3,1,1,1,1,0,0,0,0
58,4100,3,4000,ENTP,3,1,0,1,0,0,1,0,1
58,4100,3,4000,ENTJ,3,1,0,1,1,0,1,0,0
58,4100,3,4000,ISTP,3,0,1,1,0,1,0,0,1
58,4100,3,4000,ISTJ,3,0,1,1,1,1,0,0,0
58,4100,3,4000,INTP,3,0,0,1,0,1,1,0,1
58,4100,3,4000,INTJ,3,0,0,1,1,1,1,0,0
58,8075,2,8000,ESTP,2,1,1,1,0,0,0,0,1
58,8075,2,8000,ESTJ,2,1,1,1,1,0,0,0,0
58,8075,2,8000,ISTP,2,0,1,1,0,1,0,0,1
58,8075,2,8000,ISTJ,2,0,1,1,1,1,0,0,0
58,A080,12,A000,ENFJ,3,1,0,0,1,0,1,1,0
58,A080,12,A000,ENFP,3,1,0,0,0,0,1,1,1
58,A080,12,A000,ENTJ,3,1,0,1,1,0,1,0,0
58,A080,12,A000,ENTP,3,1,0,1,0,0,1,0,1
58,A080,12,A000,INFJ,3,0,0,0,1,1,1,1,0
58,A080,12,A000,INFP,3,0,0,0,0,1,1,1,1
58,A080,12,A000,INTJ,3,0,0,1,1,1,1,0,0
58,A080,12,A000,INTP,3,0,0,1,0,1,1,0,1
58,B010,6,B000,ENFP,3,1,0,0,0,0,1,1,1
58,B010,6,B000,ESTP,3,1,1,1,0,0,0,0,1
58,B010,6,B000,ENTP,3,1,0,1,0,0,1,0,1
58,B010,6,B000,ESFP,3,1,1,0,0,0,0,1,1
58,B010,6,B000,INTP,3,0,0,1,0,1,1,0,1
58,B010,6,B000,INFP,3,0,0,0,0,1,1,1,1
58,B010,6,B000,ISTP,3,0,1,1,0,1,0,0,1
58,B010,6,B000,ISFP,3,0,1,0,0,1,0,1,1
58,B060,9,B000,ESFP,1,1,1,0,0,0,0,1,1
58,B060,9,B000,ENFP,1,1,0,0,0,0,1,1,1
58,E070,10,E000,INFJ,0,0,0,0,1,1,1,1,0
58,E070,10,E000,ENFJ,0,1,0,0,1,0,1,1,0
59,6033,11,6000,ESFJ,3,1,1,0,1,0,0,1,0
59,6033,11,6000,ESFP,3,1,1,0,0,0,0,1,1
59,6033,11,6000,ENFJ,3,1,0,0,1,0,1,1,0
59,6033,11,6000,ENFP,3,1,0,0,0,0,1,1,1
59,6033,11,6000,ESFJ,3,1,1,0,1,0,0,1,0
59,6033,11,6000,ESFP,3,1,1,0,0,0,0,1,1
59,6033,11,6000,ESTJ,3,1,1,1,1,0,0,0,0
59,6033,11,6000,ISTJ,3,0,1,1,1,1,0,0,0
59,9070,13,9000,ESTJ,2,1,1,1,1,0,0,0,0
59,9070,13,9000,ESFJ,2,1,1,0,1,0,0,1,0
59,9070,13,9000,ISTJ,2,0,1,1,1,1,0,0,0
59,9070,13,9000,ISFJ,2,0,1,0,1,1,0,1,0
60,2120,9,2000,ISTJ,2,0,1,1,1,1,0,0,0
60,2120,9,2000,ISFJ,2,0,1,0,1,1,0,1,0
60,2120,9,2000,INTJ,2,0,0,1,1,1,1,0,0
60,2120,9,2000,INFJ,2,0,0,0,1,1,1,1,0
60,9016,6,9000,ESFP,1,1,1,0,0,0,0,1,1
60,9016,6,9000,ENFP,1,1,0,0,0,0,1,1,1
60,B010,8,B000,ENFP,3,1,0,0,0,0,1,1,1
60,B010,8,B000,ESTP,3,1,1,1,0,0,0,0,1
60,B010,8,B000,ENTP,3,1,0,1,0,0,1,0,1
60,B010,8,B000,ESFP,3,1,1,0,0,0,0,1,1
60,B010,8,B000,INTP,3,0,0,1,0,1,1,0,1
60,B010,8,B000,INFP,3,0,0,0,0,1,1,1,1
60,B010,8,B000,ISTP,3,0,1,1,0,1,0,0,1
60,B010,8,B000,ISFP,3,0,1,0,0,1,0,1,1
60,B050,4,B000,ENTP,2,1,0,1,0,0,1,0,1
60,B050,4,B000,ENFP,2,1,0,0,0,0,1,1,1
60,B050,4,B000,INTP,2,0,0,1,0,1,1,0,1
60,B050,4,B000,INFP,2,0,0,0,0,1,1,1,1
60,C030,4,C000,ISTP,2,0,1,1,0,1,0,0,1
60,C030,4,C000,ISFP,2,0,1,0,0,1,0,1,1
60,C030,4,C000,ESTP,2,1,1,1,0,0,0,0,1
60,C030,4,C000,ESFP,2,1,1,0,0,0,0,1,1
60,D020,9,D000,ENTP,3,1,0,1,0,0,1,0,1
60,D020,9,D000,ENTJ,3,1,0,1,1,0,1,0,0
60,D020,9,D000,INTP,3,0,0,1,0,1,1,0,1
60,D020,9,D000,INTJ,3,0,0,1,1,1,1,0,0
60,D020,9,D000,ESTP,3,1,1,1,0,0,0,0,1
60,D020,9,D000,ESTJ,3,1,1,1,1,0,0,0,0
60,D020,9,D000,ISTP,3,0,1,1,0,1,0,0,1
60,D020,9,#REF!,ISTJ,3,0,1,1,1,1,0,0,0
61,2060,15,2000,ESFP,1,1,1,0,0,0,0,1,1
61,2060,15,2000,ESFJ,1,1,1,0,1,0,0,1,0
61,3123,12,3000,ESTJ,2,1,1,1,1,0,0,0,0
61,3123,12,3000,ESFJ,2,1,1,0,1,0,0,1,0
61,3123,12,3000,ENTJ,2,1,0,1,1,0,1,0,0
61,3123,12,3000,ENFJ,2,1,0,0,1,0,1,1,0
61,6036,11,6000,ESFP,1,1,1,0,0,0,0,1,1
61,6036,11,6000,ENFP,1,1,0,0,0,0,1,1,1
61,6050,2,6000,ESTJ,3,1,1,1,1,0,0,0,0
61,6050,2,6000,ESTP,3,1,1,1,0,0,0,0,1
61,6050,2,6000,ENTJ,3,1,0,1,1,0,1,0,0
61,6050,2,6000,ENTP,3,1,0,1,0,0,1,0,1
61,6050,2,6000,ISTJ,3,0,1,1,1,1,0,0,0
61,6050,2,6000,ISTP,3,0,1,1,0,1,0,0,1
61,6050,2,6000,INTJ,3,0,0,1,1,1,1,0,0
61,6050,2,6000,INTP,3,0,0,1,0,1,1,0,1
61,A020,4,A000,ENFJ,1,1,0,0,1,0,1,1,0
61,A020,4,A000,INFJ,1,0,0,0,1,1,1,1,0
61,C030,9,C000,ISTP,2,0,1,1,0,1,0,0,1
61,C030,9,C000,ISFP,2,0,1,0,0,1,0,1,1
61,C030,9,C000,ESTP,2,1,1,1,0,0,0,0,1
61,C030,9,C000,ESFP,2,1,1,0,0,0,0,1,1
61,C050,5,C000,ENTP,2,1,0,1,0,0,1,0,1
61,C050,5,C000,ENFP,2,1,0,0,0,0,1,1,1
61,C050,5,C000,INTP,2,0,0,1,0,1,1,0,1
61,C050,5,C000,INFP,2,0,0,0,0,1,1,1,1
61,E010,4,E000,ESTP,3,1,1,1,0,0,0,0,1
61,E010,4,E000,ESFP,3,1,1,0,0,0,0,1,1
61,E010,4,E000,ENTP,3,1,0,1,0,0,1,0,1
61,E010,4,E000,ENFP,3,1,0,0,0,0,1,1,1
61,E010,4,E000,ISTP,3,0,1,1,0,1,0,0,1
61,E010,4,E000,ISFP,3,0,1,0,0,1,0,1,1
61,E010,4,E000,INTP,3,0,0,1,0,1,1,0,1
61,E010,4,E000,INFP,3,0,0,0,0,1,1,1,1
62,1050,10,1000,ISTP,4,0,1,1,0,1,0,0,1
62,1050,10,1000,ISTJ,4,0,1,1,1,1,0,0,0
62,1050,10,1000,ISFP,4,0,1,0,0,1,0,1,1
62,1050,10,1000,ISFJ,4,0,1,0,1,1,0,1,0
62,1050,10,1000,INTP,4,0,0,1,0,1,1,0,1
62,1050,10,1000,INTJ,4,0,0,1,1,1,1,0,0
62,1050,10,1000,INFP,4,0,0,0,0,1,1,1,1
62,1050,10,1000,INFJ,4,0,0,0,1,1,1,1,0
62,1050,10,1000,ESTP,4,1,1,1,0,0,0,0,1
62,1050,10,1000,ESTJ,4,1,1,1,1,0,0,0,0
62,1050,10,1000,ESFP,4,1,1,0,0,0,0,1,1
62,1050,10,1000,ESFJ,4,1,1,0,1,0,0,1,0
62,1050,10,1000,ENTP,4,1,0,1,0,0,1,0,1
62,1050,10,1000,ENTJ,4,1,0,1,1,0,1,0,0
62,1050,10,1000,ENFP,4,1,0,0,0,0,1,1,1
62,1050,10,1000,ENFJ,4,1,0,0,1,0,1,1,0
62,B060,14,B000,ESFP,1,1,1,0,0,0,0,1,1
62,B060,14,B000,ENFP,1,1,0,0,0,0,1,1,1
62,E010,9,E000,ESTP,3,1,1,1,0,0,0,0,1
62,E010,9,E000,ESFP,3,1,1,0,0,0,0,1,1
62,E010,9,E000,ENTP,3,1,0,1,0,0,1,0,1
62,E010,9,E000,ENFP,3,1,0,0,0,0,1,1,1
62,E010,9,E000,ISTP,3,0,1,1,0,1,0,0,1
62,E010,9,E000,ISFP,3,0,1,0,0,1,0,1,1
62,E010,9,E000,INTP,3,0,0,1,0,1,1,0,1
62,E010,9,E000,INFP,3,0,0,0,0,1,1,1,1
63,1030,9,1000,ISTP,3,0,1,1,0,1,0,0,1
63,1030,9,1000,ISTJ,3,0,1,1,1,1,0,0,0
63,1030,9,1000,ISFP,3,0,1,0,0,1,0,1,1
63,1030,9,1000,ISFJ,3,0,1,0,1,1,0,1,0
63,1030,9,1000,ESTP,3,1,1,1,0,0,0,0,1
63,1030,9,1000,ESTJ,3,1,1,1,1,0,0,0,0
63,1030,9,1000,ESFP,3,1,1,0,0,0,0,1,1
63,1030,9,1000,ESFJ,3,1,1,0,1,0,0,1,0
63,2110,12,2000,ESTP,1,1,1,1,0,0,0,0,1
63,2110,12,2000,ESFP,1,1,1,0,0,0,0,1,1
63,3990,13,3000,ESTJ,2,1,1,1,1,0,0,0,0
63,3990,13,3000,ESFJ,2,1,1,0,1,0,0,1,0
63,3990,13,3000,ISTJ,2,0,1,1,1,1,0,0,0
63,3990,13,3000,ISFJ,2,0,1,0,1,1,0,1,0
63,7020,12,7000,ESFJ,2,1,1,0,1,0,0,1,0
63,7020,12,7000,ESTJ,2,1,1,1,1,0,0,0,0
63,7020,12,7000,ISFJ,2,0,1,0,1,1,0,1,0
63,7020,12,7000,ISTJ,2,0,1,1,1,1,0,0,0
63,7025,1,7000,ENFJ,2,1,0,0,1,0,1,1,0
63,7025,1,7000,ENFP,2,1,0,0,0,0,1,1,1
63,7025,1,7000,ESFJ,2,1,1,0,1,0,0,1,0
63,7025,1,7000,ESFP,2,1,1,0,0,0,0,1,1
63,7030,3,7000,ENFJ,2,1,0,0,1,0,1,1,0
63,7030,3,7000,ENFP,2,1,0,0,0,0,1,1,1
63,7030,3,7000,ESFJ,2,1,1,0,1,0,0,1,0
63,7030,3,7000,ESFP,2,1,1,0,0,0,0,1,1
63,9060,12,9000,ISTJ,2,0,1,1,1,1,0,0,0
63,9060,12,9000,ISTP,2,0,1,1,0,1,0,0,1
63,9060,12,9000,ESTJ,2,1,1,1,1,0,0,0,0
63,9060,12,9000,ESTP,2,1,1,1,0,0,0,0,1
63,B990,1,B000,ENTP,1,1,0,1,0,0,1,0,1
63,B990,1,B000,INTP,1,0,0,1,0,1,1,0,1
63,C060,5,C000,ISTJ,1,0,1,1,1,1,0,0,0
63,C060,5,C000,INTJ,1,0,0,1,1,1,1,0,0
64,2013,12,2000,ESTJ,2,1,1,1,1,0,0,0,0
64,2013,12,2000,ESTP,2,1,1,1,0,0,0,0,1
64,2013,12,2000,ESFJ,2,1,1,0,1,0,0,1,0
64,2013,12,2000,ESFP,2,1,1,0,0,0,0,1,1
65,4220,1,4000,ENTP,3,1,0,1,0,0,1,0,1
65,4220,1,4000,ENTJ,3,1,0,1,1,0,1,0,0
65,4220,1,4000,ENFP,3,1,0,0,0,0,1,1,1
65,4220,1,4000,ENFJ,3,1,0,0,1,0,1,1,0
65,4220,1,4000,ESTP,3,1,1,1,0,0,0,0,1
65,4220,1,4000,ESTJ,3,1,1,1,1,0,0,0,0
65,4220,1,4000,ESFP,3,1,1,0,0,0,0,1,1
65,4220,1,4000,ESFJ,3,1,1,0,1,0,0,1,0
65,6070,2,6000,ESFJ,2,1,1,0,1,0,0,1,0
65,6070,2,6000,ESTJ,2,1,1,1,1,0,0,0,0
65,6070,2,6000,ISFJ,2,0,1,0,1,1,0,1,0
65,6070,2,6000,ISTJ,2,0,1,1,1,1,0,0,0
65,A070,13,A000,ENFJ,1,1,0,0,1,0,1,1,0
65,A070,13,A000,INFJ,1,0,0,0,1,1,1,1,0
66,1010,9,1000,ISFP,1,0,1,0,0,1,0,1,1
66,1010,9,1000,ESFP,1,1,1,0,0,0,0,1,1
66,3140,11,3000,ESFP,2,1,1,0,0,0,0,1,1
66,3140,11,3000,ESFJ,2,1,1,0,1,0,0,1,0
66,3140,11,3000,ISFP,2,0,1,0,0,1,0,1,1
66,3140,11,3000,ISFJ,2,0,1,0,1,1,0,1,0
66,C060,14,C000,ISTJ,1,0,1,1,1,1,0,0,0
66,C060,14,C000,INTJ,1,0,0,1,1,1,1,0,0
66,C990,15,C000,ENTP,2,1,0,1,0,0,1,0,1
66,C990,15,C000,ENFP,2,1,0,0,0,0,1,1,1
66,C990,15,C000,INTP,2,0,0,1,0,1,1,0,1
66,C990,15,C000,INFP,2,0,0,0,0,1,1,1,1
67,2060,3,2000,ESFP,1,1,1,0,0,0,0,1,1
67,2060,3,2000,ESFJ,1,1,1,0,1,0,0,1,0
67,C030,2,C000,ISTP,2,0,1,1,0,1,0,0,1
67,C030,2,C000,ISFP,2,0,1,0,0,1,0,1,1
67,C030,2,C000,ESTP,2,1,1,1,0,0,0,0,1
67,C030,2,C000,ESFP,2,1,1,0,0,0,0,1,1
68,3120,14,3000,ISTP,1,0,1,1,0,1,0,0,1
68,3120,14,3000,INTP,1,0,0,1,0,1,1,0,1
68,3160,15,3000,ESTP,2,1,1,1,0,0,0,0,1
68,3160,15,3000,ESTJ,2,1,1,1,1,0,0,0,0
68,3160,15,3000,ESFP,2,1,1,0,0,0,0,1,1
68,3160,15,3000,ESFJ,2,1,1,0,1,0,0,1,0
68,3170,8,3000,INFP,0,0,0,0,0,1,1,1,1
68,4030,10,4000,ISTP,2,0,1,1,0,1,0,0,1
68,4030,10,4000,ISFP,2,0,1,0,0,1,0,1,1
68,4030,10,4000,ESTP,2,1,1,1,0,0,0,0,1
68,4030,10,4000,ESFP,2,1,1,0,0,0,0,1,1
68,7040,15,7000,ESTJ,2,1,1,1,1,0,0,0,0
68,7040,15,7000,ENTJ,2,1,0,1,1,0,1,0,0
68,7040,15,7000,ISTJ,2,0,1,1,1,1,0,0,0
68,7040,15,7000,INTJ,2,0,0,1,1,1,1,0,0
68,A030,12,A000,ESTJ,3,1,1,1,1,0,0,0,0
68,A030,12,A000,ESTP,3,1,1,1,0,0,0,0,1
68,A030,12,A000,ENTJ,3,1,0,1,1,0,1,0,0
68,A030,12,A000,ENTP,3,1,0,1,0,0,1,0,1
68,A030,12,A000,ISTJ,3,0,1,1,1,1,0,0,0
68,A030,12,A000,ISTP,3,0,1,1,0,1,0,0,1
68,A030,12,A000,INTJ,3,0,0,1,1,1,1,0,0
68,A030,12,A000,INTP,3,0,0,1,0,1,1,0,1
68,A038,13,A000,ESFP,2,1,1,0,0,0,0,1,1
68,A038,13,A000,ESFJ,2,1,1,0,1,0,0,1,0
68,A038,13,A000,ISFP,2,0,1,0,0,1,0,1,1
68,A038,13,A000,ISFJ,2,0,1,0,1,1,0,1,0
68,A080,7,A000,ENFJ,3,1,0,0,1,0,1,1,0
68,A080,7,A000,ENFP,3,1,0,0,0,0,1,1,1
68,A080,7,A000,ENTJ,3,1,0,1,1,0,1,0,0
68,A080,7,A000,ENTP,3,1,0,1,0,0,1,0,1
68,A080,7,A000,INFJ,3,0,0,0,1,1,1,1,0
68,A080,7,A000,INFP,3,0,0,0,0,1,1,1,1
68,A080,7,A000,INTJ,3,0,0,1,1,1,1,0,0
68,A080,7,A000,INTP,3,0,0,1,0,1,1,0,1
68,E070,3,E000,INFJ,0,0,0,0,1,1,1,1,0
68,E070,3,E000,ENFJ,0,1,0,0,1,0,1,1,0
69,4020,8,4000,ISTJ,2,0,1,1,1,1,0,0,0
69,4020,8,4000,ISFJ,2,0,1,0,1,1,0,1,0
69,4020,8,4000,INTJ,2,0,0,1,1,1,1,0,0
69,4020,8,4000,INFJ,2,0,0,0,1,1,1,1,0
69,6080,13,6000,INTJ,2,0,0,1,1,1,1,0,0
69,6080,13,6000,ISTJ,2,0,1,1,1,1,0,0,0
69,6080,13,6000,ISTJ,2,0,1,1,1,1,0,0,0
69,6080,13,6000,INTJ,2,0,0,1,1,1,1,0,0
69,8020,6,8000,ESTJ,2,1,1,1,1,0,0,0,0
69,8020,6,8000,ENTJ,2,1,0,1,1,0,1,0,0
69,8020,6,8000,ISTJ,2,0,1,1,1,1,0,0,0
69,8020,6,8000,INTJ,2,0,0,1,1,1,1,0,0
69,9060,13,9000,ISTJ,2,0,1,1,1,1,0,0,0
69,9060,13,9000,ISTP,2,0,1,1,0,1,0,0,1
69,9060,13,9000,ESTJ,2,1,1,1,1,0,0,0,0
69,9060,13,9000,ESTP,2,1,1,1,0,0,0,0,1
69,E070,12,E000,INFJ,0,0,0,0,1,1,1,1,0
69,E070,12,E000,ENFJ,0,1,0,0,1,0,1,1,0
70,1090,11,1000,ESTP,1,1,1,1,0,0,0,0,1
70,1090,11,1000,ESFP,1,1,1,0,0,0,0,1,1
70,4060,5,4000,ENTP,1,1,0,1,0,0,1,0,1
70,4060,5,4000,INTP,1,0,0,1,0,1,1,0,1
70,4160,3,4000,ISFJ,2,0,1,0,1,1,0,1,0
70,4160,3,4000,ISFP,2,0,1,0,0,1,0,1,1
70,4160,3,4000,ESFJ,2,1,1,0,1,0,0,1,0
70,4160,3,4000,ESFP,2,1,1,0,0,0,0,1,1
70,6036,3,6000,ESFP,1,1,1,0,0,0,0,1,1
70,6036,3,6000,ENFP,1,1,0,0,0,0,1,1,1
70,6070,9,6000,ESFJ,2,1,1,0,1,0,0,1,0
70,6070,9,6000,ESTJ,2,1,1,1,1,0,0,0,0
70,6070,9,6000,ISFJ,2,0,1,0,1,1,0,1,0
70,6070,9,6000,ISTJ,2,0,1,1,1,1,0,0,0
70,8065,3,8000,ESTP,2,1,1,1,0,0,0,0,1
70,8065,3,8000,ESTJ,2,1,1,1,1,0,0,0,0
70,8065,3,8000,ISTP,2,0,1,1,0,1,0,0,1
70,8065,3,8000,ISTJ,2,0,1,1,1,1,0,0,0
70,E000,14,E000,INFJ,1,0,0,0,1,1,1,1,0
70,E000,14,E000,ENFJ,1,1,0,0,1,0,1,1,0
70,E040,14,E000,ESFP,1,1,1,0,0,0,0,1,1
70,E040,14,E000,ESFJ,1,1,1,0,1,0,0,1,0
70,E060,1,E000,ESTJ,2,1,1,1,1,0,0,0,0
70,E060,1,E000,ENTJ,2,1,0,1,1,0,1,0,0
70,E060,1,E000,ISTJ,2,0,1,1,1,1,0,0,0
70,E060,1,E000,INTJ,2,0,0,1,1,1,1,0,0
71,2120,9,2000,ISTJ,2,0,1,1,1,1,0,0,0
71,2120,9,2000,ISFJ,2,0,1,0,1,1,0,1,0
71,2120,9,2000,INTJ,2,0,0,1,1,1,1,0,0
71,2120,9,2000,INFJ,2,0,0,0,1,1,1,1,0
71,6020,7,6000,ESFP,1,1,1,0,0,0,0,1,1
71,6020,7,6000,ESFJ,1,1,1,0,1,0,0,1,0
71,8100,12,8000,ENTP,2,1,0,1,0,0,1,0,1
71,8100,12,8000,ENTJ,2,1,0,1,1,0,1,0,0
71,8100,12,8000,INTP,2,0,0,1,0,1,1,0,1
71,8100,12,8000,INTJ,2,0,0,1,1,1,1,0,0
71,D040,7,D000,ESFP,1,1,1,0,0,0,0,1,1
71,D040,7,D000,ESFJ,1,1,1,0,1,0,0,1,0
71,D050,2,D000,INTP,2,0,0,1,0,1,1,0,1
71,D050,2,D000,INTJ,2,0,0,1,1,1,1,0,0
71,D050,2,D000,ESTP,2,1,1,1,0,0,0,0,1
71,D050,2,D000,ISTP,2,0,1,1,0,1,0,0,1
72,2090,3,2000,ISTJ,2,0,1,1,1,1,0,0,0
72,2090,3,2000,ISFJ,2,0,1,0,1,1,0,1,0
72,2090,3,2000,INTJ,2,0,0,1,1,1,1,0,0
72,2090,3,2000,INFJ,2,0,0,0,1,1,1,1,0
72,4180,14,4000,ENFJ,1,1,0,0,1,0,1,1,0
72,4180,14,4000,INFJ,1,0,0,0,1,1,1,1,0
72,4190,6,4000,ENFJ,1,1,0,0,1,0,1,1,0
72,4190,6,4000,INFJ,1,0,0,0,1,1,1,1,0
72,6080,9,6000,INTJ,2,0,0,1,1,1,1,0,0
72,6080,9,6000,ISTJ,2,0,1,1,1,1,0,0,0
72,6080,9,6000,ISTJ,2,0,1,1,1,1,0,0,0
72,6080,9,6000,INTJ,2,0,0,1,1,1,1,0,0
72,7040,13,7000,ESTJ,2,1,1,1,1,0,0,0,0
72,7040,13,7000,ENTJ,2,1,0,1,1,0,1,0,0
72,7040,13,7000,ISTJ,2,0,1,1,1,1,0,0,0
72,7040,13,7000,INTJ,2,0,0,1,1,1,1,0,0
72,8065,14,8000,ESTP,2,1,1,1,0,0,0,0,1
72,8065,14,8000,ESTJ,2,1,1,1,1,0,0,0,0
72,8065,14,8000,ISTP,2,0,1,1,0,1,0,0,1
72,8065,14,8000,ISTJ,2,0,1,1,1,1,0,0,0
72,9070,9,9000,ESTJ,2,1,1,1,1,0,0,0,0
72,9070,9,9000,ESFJ,2,1,1,0,1,0,0,1,0
72,9070,9,9000,ISTJ,2,0,1,1,1,1,0,0,0
72,9070,9,9000,ISFJ,2,0,1,0,1,1,0,1,0
72,B020,6,B000,ENTP,2,1,0,1,0,0,1,0,1
72,B020,6,B000,ENFP,2,1,0,0,0,0,1,1,1
72,B020,6,B000,INTP,2,0,0,1,0,1,1,0,1
72,B020,6,B000,INFP,2,0,0,0,0,1,1,1,1
73,1020,9,1000,ISTP,2,0,1,1,0,1,0,0,1
73,1020,9,1000,ISFP,2,0,1,0,0,1,0,1,1
73,1020,9,1000,ESTP,2,1,1,1,0,0,0,0,1
73,1020,9,1000,ESFP,2,1,1,0,0,0,0,1,1
73,1030,13,1000,ISTP,3,0,1,1,0,1,0,0,1
73,1030,13,1000,ISTJ,3,0,1,1,1,1,0,0,0
73,1030,13,1000,ISFP,3,0,1,0,0,1,0,1,1
73,1030,13,1000,ISFJ,3,0,1,0,1,1,0,1,0
73,1030,13,1000,ESTP,3,1,1,1,0,0,0,0,1
73,1030,13,1000,ESTJ,3,1,1,1,1,0,0,0,0
73,1030,13,1000,ESFP,3,1,1,0,0,0,0,1,1
73,1030,13,1000,ESFJ,3,1,1,0,1,0,0,1,0
73,1110,4,1000,ESTP,3,1,1,1,0,0,0,0,1
73,1110,4,1000,ESFP,3,1,1,0,0,0,0,1,1
73,1110,4,1000,ISTP,3,0,1,1,0,1,0,0,1
73,1110,4,1000,ISFP,3,0,1,0,0,1,0,1,1
73,1110,4,1000,ISTJ,3,0,1,1,1,1,0,0,0
73,1110,4,1000,ISFJ,3,0,1,0,1,1,0,1,0
73,1110,4,1000,ESTJ,3,1,1,1,1,0,0,0,0
73,1110,4,1000,ESFJ,3,1,1,0,1,0,0,1,0
73,3123,13,3000,ESTJ,2,1,1,1,1,0,0,0,0
73,3123,13,3000,ESFJ,2,1,1,0,1,0,0,1,0
73,3123,13,3000,ENTJ,2,1,0,1,1,0,1,0,0
73,3123,13,3000,ENFJ,2,1,0,0,1,0,1,1,0
73,3140,9,3000,ESFP,2,1,1,0,0,0,0,1,1
73,3140,9,3000,ESFJ,2,1,1,0,1,0,0,1,0
73,3140,9,3000,ISFP,2,0,1,0,0,1,0,1,1
73,3140,9,3000,ISFJ,2,0,1,0,1,1,0,1,0
73,4180,7,4000,ENFJ,1,1,0,0,1,0,1,1,0
73,4180,7,4000,INFJ,1,0,0,0,1,1,1,1,0
73,4200,7,4000,ESFP,0,1,1,0,0,0,0,1,1
73,7030,11,7000,ENFJ,2,1,0,0,1,0,1,1,0
73,7030,11,7000,ENFP,2,1,0,0,0,0,1,1,1
73,7030,11,7000,ESFJ,2,1,1,0,1,0,0,1,0
73,7030,11,7000,ESFP,2,1,1,0,0,0,0,1,1
73,8020,13,8000,ESTJ,2,1,1,1,1,0,0,0,0
73,8020,13,8000,ENTJ,2,1,0,1,1,0,1,0,0
73,8020,13,8000,ISTJ,2,0,1,1,1,1,0,0,0
73,8020,13,8000,INTJ,2,0,0,1,1,1,1,0,0
73,8085,15,8000,ISTP,2,0,1,1,0,1,0,0,1
73,8085,15,8000,INTP,2,0,0,1,0,1,1,0,1
73,8085,15,8000,ESTP,2,1,1,1,0,0,0,0,1
73,8085,15,8000,ENTP,2,1,0,1,0,0,1,0,1
74,1040,6,1000,ISTP,4,0,1,1,0,1,0,0,1
74,1040,6,1000,ISTJ,4,0,1,1,1,1,0,0,0
74,1040,6,1000,ISFP,4,0,1,0,0,1,0,1,1
74,1040,6,1000,ISFJ,4,0,1,0,1,1,0,1,0
74,1040,6,1000,INTP,4,0,0,1,0,1,1,0,1
74,1040,6,1000,INTJ,4,0,0,1,1,1,1,0,0
74,1040,6,1000,INFP,4,0,0,0,0,1,1,1,1
74,1040,6,1000,INFJ,4,0,0,0,1,1,1,1,0
74,1040,6,1000,ESTP,4,1,1,1,0,0,0,0,1
74,1040,6,1000,ESTJ,4,1,1,1,1,0,0,0,0
74,1040,6,1000,ESFP,4,1,1,0,0,0,0,1,1
74,1040,6,1000,ESFJ,4,1,1,0,1,0,0,1,0
74,1040,6,1000,ENTP,4,1,0,1,0,0,1,0,1
74,1040,6,1000,ENTJ,4,1,0,1,1,0,1,0,0
74,1040,6,1000,ENFP,4,1,0,0,0,0,1,1,1
74,1040,6,1000,ENFJ,4,1,0,0,1,0,1,1,0
74,2070,9,2000,ESTP,2,1,1,1,0,0,0,0,1
74,2070,9,2000,ESFP,2,1,1,0,0,0,0,1,1
74,2070,9,2000,ENTP,2,1,0,1,0,0,1,0,1
74,2070,9,2000,ENFP,2,1,0,0,0,0,1,1,1
74,3040,5,3000,ENFP,0,1,0,0,0,0,1,1,1
74,8110,15,8000,ESTJ,2,1,1,1,1,0,0,0,0
74,8110,15,8000,ENTJ,2,1,0,1,1,0,1,0,0
74,8110,15,8000,ISTJ,2,0,1,1,1,1,0,0,0
74,8110,15,8000,INTJ,2,0,0,1,1,1,1,0,0
74,9070,7,9000,ESTJ,2,1,1,1,1,0,0,0,0
74,9070,7,9000,ESFJ,2,1,1,0,1,0,0,1,0
74,9070,7,9000,ISTJ,2,0,1,1,1,1,0,0,0
74,9070,7,9000,ISFJ,2,0,1,0,1,1,0,1,0
74,B060,3,B000,ESFP,1,1,1,0,0,0,0,1,1
74,B060,3,B000,ENFP,1,1,0,0,0,0,1,1,1
74,D070,2,D000,ESTP,2,1,1,1,0,0,0,0,1
74,D070,2,D000,ENTP,2,1,0,1,0,0,1,0,1
74,D070,2,D000,ISTP,2,0,1,1,0,1,0,0,1
74,D070,2,D000,INTP,2,0,0,1,0,1,1,0,1
74,E040,6,E000,ESFP,1,1,1,0,0,0,0,1,1
74,E040,6,E000,ESFJ,1,1,1,0,1,0,0,1,0
74,E070,13,E000,INFJ,0,0,0,0,1,1,1,1,0
74,E070,13,E000,ENFJ,0,1,0,0,1,0,1,1,0
75,4015,12,4000,ESFP,1,1,1,0,0,0,0,1,1
75,4015,12,4000,ENFP,1,1,0,0,0,0,1,1,1
75,4130,8,4000,ISTJ,2,0,1,1,1,1,0,0,0
75,4130,8,4000,ISFJ,2,0,1,0,1,1,0,1,0
75,4130,8,4000,INTJ,2,0,0,1,1,1,1,0,0
75,4130,8,4000,INFJ,2,0,0,0,1,1,1,1,0
75,7030,2,7000,ENFJ,2,1,0,0,1,0,1,1,0
75,7030,2,7000,ENFP,2,1,0,0,0,0,1,1,1
75,7030,2,7000,ESFJ,2,1,1,0,1,0,0,1,0
75,7030,2,7000,ESFP,2,1,1,0,0,0,0,1,1
75,8020,8,8000,ESTJ,2,1,1,1,1,0,0,0,0
75,8020,8,8000,ENTJ,2,1,0,1,1,0,1,0,0
75,8020,8,8000,ISTJ,2,0,1,1,1,1,0,0,0
75,8020,8,8000,INTJ,2,0,0,1,1,1,1,0,0
75,8040,4,8000,ESTJ,1,1,1,1,1,0,0,0,0
75,8040,4,8000,ISTJ,1,0,1,1,1,1,0,0,0
75,8050,7,8000,ESTJ,2,1,1,1,1,0,0,0,0
75,8050,7,8000,ENTJ,2,1,0,1,1,0,1,0,0
75,8050,7,8000,ISTJ,2,0,1,1,1,1,0,0,0
75,8050,7,8000,INTJ,2,0,0,1,1,1,1,0,0
75,A038,9,A000,ESFP,2,1,1,0,0,0,0,1,1
75,A038,9,A000,ESFJ,2,1,1,0,1,0,0,1,0
75,A038,9,A000,ISFP,2,0,1,0,0,1,0,1,1
75,A038,9,A000,ISFJ,2,0,1,0,1,1,0,1,0
75,B060,14,B000,ESFP,1,1,1,0,0,0,0,1,1
75,B060,14,B000,ENFP,1,1,0,0,0,0,1,1,1
75,C060,14,C000,ISTJ,1,0,1,1,1,1,0,0,0
75,C060,14,C000,INTJ,1,0,0,1,1,1,1,0,0
75,D050,4,D000,INTP,2,0,0,1,0,1,1,0,1
75,D050,4,D000,INTJ,2,0,0,1,1,1,1,0,0
75,D050,4,D000,ESTP,2,1,1,1,0,0,0,0,1
75,D050,4,D000,ISTP,2,0,1,1,0,1,0,0,1
76,4060,13,4000,ENTP,1,1,0,1,0,0,1,0,1
76,4060,13,4000,INTP,1,0,0,1,0,1,1,0,1
76,7010,11,7000,ENFP,1,1,0,0,0,0,1,1,1
76,7010,11,7000,ENFJ,1,1,0,0,1,0,1,1,0
77,1020,2,1000,ISTP,2,0,1,1,0,1,0,0,1
77,1020,2,1000,ISFP,2,0,1,0,0,1,0,1,1
77,1020,2,1000,ESTP,2,1,1,1,0,0,0,0,1
77,1020,2,1000,ESFP,2,1,1,0,0,0,0,1,1
77,2100,2,2000,ISTJ,2,0,1,1,1,1,0,0,0
77,2100,2,2000,ISFJ,2,0,1,0,1,1,0,1,0
77,2100,2,2000,INTJ,2,0,0,1,1,1,1,0,0
77,2100,2,2000,INFJ,2,0,0,0,1,1,1,1,0
77,3043,2,3000,ENFP,1,1,0,0,0,0,1,1,1
77,3043,2,3000,ENFP,1,1,0,0,0,0,1,1,1
77,3090,4,3000,ISTJ,1,0,1,1,1,1,0,0,0
77,3090,4,3000,INTJ,1,0,0,1,1,1,1,0,0
77,3160,9,3000,ESTP,2,1,1,1,0,0,0,0,1
77,3160,9,3000,ESTJ,2,1,1,1,1,0,0,0,0
77,3160,9,3000,ESFP,2,1,1,0,0,0,0,1,1
77,3160,9,3000,ESFJ,2,1,1,0,1,0,0,1,0
77,7050,3,7000,ENFJ,2,1,0,0,1,0,1,1,0
77,7050,3,7000,ENFP,2,1,0,0,0,0,1,1,1
77,7050,3,7000,ESFJ,2,1,1,0,1,0,0,1,0
77,7050,3,7000,ESFP,2,1,1,0,0,0,0,1,1
77,A030,8,A000,ESTJ,3,1,1,1,1,0,0,0,0
77,A030,8,A000,ESTP,3,1,1,1,0,0,0,0,1
77,A030,8,A000,ENTJ,3,1,0,1,1,0,1,0,0
77,A030,8,A000,ENTP,3,1,0,1,0,0,1,0,1
77,A030,8,A000,ISTJ,3,0,1,1,1,1,0,0,0
77,A030,8,A000,ISTP,3,0,1,1,0,1,0,0,1
77,A030,8,A000,INTJ,3,0,0,1,1,1,1,0,0
77,A030,8,A000,INTP,3,0,0,1,0,1,1,0,1
77,E030,6,E000,ISTJ,2,0,1,1,1,1,0,0,0
77,E030,6,E000,ISFJ,2,0,1,0,1,1,0,1,0
77,E030,6,E000,INTJ,2,0,0,1,1,1,1,0,0
77,E030,6,E000,INFJ,2,0,0,0,1,1,1,1,0
78,1080,10,1000,ISTJ,2,0,1,1,1,1,0,0,0
78,1080,10,1000,ISFJ,2,0,1,0,1,1,0,1,0
78,1080,10,1000,ESTJ,2,1,1,1,1,0,0,0,0
78,1080,10,1000,ESFJ,2,1,1,0,1,0,0,1,0
78,2080,12,2000,INTJ,3,0,0,1,1,1,1,0,0
78,2080,12,2000,INTP,3,0,0,1,0,1,1,0,1
78,2080,12,2000,INFJ,3,0,0,0,1,1,1,1,0
78,2080,12,2000,INFP,3,0,0,0,0,1,1,1,1
78,2080,12,2000,ENTJ,3,1,0,1,1,0,1,0,0
78,2080,12,2000,ENTP,3,1,0,1,0,0,1,0,1
78,2080,12,2000,ENFJ,3,1,0,0,1,0,1,1,0
78,2080,12,2000,ENFP,3,1,0,0,0,0,1,1,1
78,3123,4,3000,ESTJ,2,1,1,1,1,0,0,0,0
78,3123,4,3000,ESFJ,2,1,1,0,1,0,0,1,0
78,3123,4,3000,ENTJ,2,1,0,1,1,0,1,0,0
78,3123,4,3000,ENFJ,2,1,0,0,1,0,1,1,0
78,4210,5,4000,ESFP,1,1,1,0,0,0,0,1,1
78,4210,5,4000,ESFJ,1,1,1,0,1,0,0,1,0
78,6015,15,6000,ISFP,1,0,1,0,0,1,0,1,1
78,6015,15,6000,ISFJ,1,0,1,0,1,1,0,1,0
78,8056,8,8000,ESTJ,2,1,1,1,1,0,0,0,0
78,8056,8,8000,ENTJ,2,1,0,1,1,0,1,0,0
78,8056,8,8000,ISTJ,2,0,1,1,1,1,0,0,0
78,8056,8,8000,INTJ,2,0,0,1,1,1,1,0,0
78,8990,3,8000,ESTJ,2,1,1,1,1,0,0,0,0
78,8990,3,8000,ENTJ,2,1,0,1,1,0,1,0,0
78,8990,3,8000,ISTJ,2,0,1,1,1,1,0,0,0
78,8990,3,8000,INTJ,2,0,0,1,1,1,1,0,0
78,9070,8,9000,ESTJ,2,1,1,1,1,0,0,0,0
78,9070,8,9000,ESFJ,2,1,1,0,1,0,0,1,0
78,9070,8,9000,ISTJ,2,0,1,1,1,1,0,0,0
78,9070,8,9000,ISFJ,2,0,1,0,1,1,0,1,0
78,A060,4,A000,ENFJ,1,1,0,0,1,0,1,1,0
78,A060,4,A000,INFJ,1,0,0,0,1,1,1,1,0
79,1120,4,1000,ISTJ,2,0,1,1,1,1,0,0,0
79,1120,4,1000,ISFJ,2,0,1,0,1,1,0,1,0
79,1120,4,1000,ESTJ,2,1,1,1,1,0,0,0,0
79,1120,4,1000,ESFJ,2,1,1,0,1,0,0,1,0
79,2070,3,2000,ESTP,2,1,1,1,0,0,0,0,1
79,2070,3,2000,ESFP,2,1,1,0,0,0,0,1,1
79,2070,3,2000,ENTP,2,1,0,1,0,0,1,0,1
79,2070,3,2000,ENFP,2,1,0,0,0,0,1,1,1
79,3110,6,3000,ISTJ,2,0,1,1,1,1,0,0,0
79,3110,6,3000,ISFJ,2,0,1,0,1,1,0,1,0
79,3110,6,3000,INTJ,2,0,0,1,1,1,1,0,0
79,3110,6,3000,INFJ,2,0,0,0,1,1,1,1,0
79,4060,5,4000,ENTP,1,1,0,1,0,0,1,0,1
79,4060,5,4000,INTP,1,0,0,1,0,1,1,0,1
79,8065,2,8000,ESTP,2,1,1,1,0,0,0,0,1
79,8065,2,8000,ESTJ,2,1,1,1,1,0,0,0,0
79,8065,2,8000,ISTP,2,0,1,1,0,1,0,0,1
79,8065,2,8000,ISTJ,2,0,1,1,1,1,0,0,0
79,8095,2,8000,ESTP,2,1,1,1,0,0,0,0,1
79,8095,2,8000,ESTJ,2,1,1,1,1,0,0,0,0
79,8095,2,8000,ISTP,2,0,1,1,0,1,0,0,1
79,8095,2,8000,ISTJ,2,0,1,1,1,1,0,0,0
79,A038,9,A000,ESFP,2,1,1,0,0,0,0,1,1
79,A038,9,A000,ESFJ,2,1,1,0,1,0,0,1,0
79,A038,9,A000,ISFP,2,0,1,0,0,1,0,1,1
79,A038,9,A000,ISFJ,2,0,1,0,1,1,0,1,0
79,A050,9,A000,ESFP,1,1,1,0,0,0,0,1,1
79,A050,9,A000,ENFP,1,1,0,0,0,0,1,1,1
79,B040,5,B000,ENTP,2,1,0,1,0,0,1,0,1
79,B040,5,B000,ESTP,2,1,1,1,0,0,0,0,1
79,B040,5,B000,INTP,2,0,0,1,0,1,1,0,1
79,B040,5,B000,ISTP,2,0,1,1,0,1,0,0,1
79,C010,12,C000,ENFP,0,1,0,0,0,0,1,1,1
80,1020,1,1000,ISTP,2,0,1,1,0,1,0,0,1
80,1020,1,1000,ISFP,2,0,1,0,0,1,0,1,1
80,1020,1,1000,ESTP,2,1,1,1,0,0,0,0,1
80,1020,1,1000,ESFP,2,1,1,0,0,0,0,1,1
80,2990,5,2000,ESTJ,2,1,1,1,1,0,0,0,0
80,2990,5,2000,ENTJ,2,1,0,1,1,0,1,0,0
80,2990,5,2000,ISTJ,2,0,1,1,1,1,0,0,0
80,2990,5,2000,INTJ,2,0,0,1,1,1,1,0,0
80,3180,11,3000,ESTP,3,1,1,1,0,0,0,0,1
80,3180,11,3000,ESFP,3,1,1,0,0,0,0,1,1
80,3180,11,3000,ISTP,3,0,1,1,0,1,0,0,1
80,3180,11,3000,ISFP,3,0,1,0,0,1,0,1,1
80,3180,11,3000,ISTJ,3,0,1,1,1,1,0,0,0
80,3180,11,3000,ISFJ,3,0,1,0,1,1,0,1,0
80,3180,11,3000,ESTJ,3,1,1,1,1,0,0,0,0
80,3180,11,3000,ESFJ,3,1,1,0,1,0,0,1,0
80,4135,4,4000,ISFP,1,0,1,0,0,1,0,1,1
80,4135,4,4000,ESFP,1,1,1,0,0,0,0,1,1
80,C990,2,C000,ENTP,2,1,0,1,0,0,1,0,1
80,C990,2,C000,ENFP,2,1,0,0,0,0,1,1,1
80,C990,2,C000,INTP,2,0,0,1,0,1,1,0,1
80,C990,2,C000,INFP,2,0,0,0,0,1,1,1,1
80,D010,11,D000,ESTJ,2,1,1,1,1,0,0,0,0
80,D010,11,D000,ENTJ,2,1,0,1,1,0,1,0,0
80,D010,11,D000,ISTJ,2,0,1,1,1,1,0,0,0
80,D010,11,D000,INTJ,2,0,0,1,1,1,1,0,0
80,E060,11,E000,ESTJ,2,1,1,1,1,0,0,0,0
80,E060,11,E000,ENTJ,2,1,0,1,1,0,1,0,0
80,E060,11,E000,ISTJ,2,0,1,1,1,1,0,0,0
80,E060,11,E000,INTJ,2,0,0,1,1,1,1,0,0
81,4100,10,4000,ESTP,3,1,1,1,0,0,0,0,1
81,4100,10,4000,ESTJ,3,1,1,1,1,0,0,0,0
81,4100,10,4000,ENTP,3,1,0,1,0,0,1,0,1
81,4100,10,4000,ENTJ,3,1,0,1,1,0,1,0,0
81,4100,10,4000,ISTP,3,0,1,1,0,1,0,0,1
81,4100,10,4000,ISTJ,3,0,1,1,1,1,0,0,0
81,4100,10,4000,INTP,3,0,0,1,0,1,1,0,1
81,4100,10,4000,INTJ,3,0,0,1,1,1,1,0,0
81,9063,5,9000,ESTJ,2,1,1,1,1,0,0,0,0
81,9063,5,9000,ESTP,2,1,1,1,0,0,0,0,1
81,9063,5,9000,ISTJ,2,0,1,1,1,1,0,0,0
81,9063,5,9000,ISTP,2,0,1,1,0,1,0,0,1
81,A060,6,A000,ENFJ,1,1,0,0,1,0,1,1,0
81,A060,6,A000,INFJ,1,0,0,0,1,1,1,1,0
81,B050,15,B000,ENTP,2,1,0,1,0,0,1,0,1
81,B050,15,B000,ENFP,2,1,0,0,0,0,1,1,1
81,B050,15,B000,INTP,2,0,0,1,0,1,1,0,1
81,B050,15,B000,INFP,2,0,0,0,0,1,1,1,1
82,1090,9,1000,ESTP,1,1,1,1,0,0,0,0,1
82,1090,9,1000,ESFP,1,1,1,0,0,0,0,1,1
82,3060,1,3000,ISTP,2,0,1,1,0,1,0,0,1
82,3060,1,3000,ISTJ,2,0,1,1,1,1,0,0,0
82,3060,1,3000,INTP,2,0,0,1,0,1,1,0,1
82,3060,1,3000,INTJ,2,0,0,1,1,1,1,0,0
82,7050,2,7000,ENFJ,2,1,0,0,1,0,1,1,0
82,7050,2,7000,ENFP,2,1,0,0,0,0,1,1,1
82,7050,2,7000,ESFJ,2,1,1,0,1,0,0,1,0
82,7050,2,7000,ESFP,2,1,1,0,0,0,0,1,1
83,2016,2,2000,ENTJ,2,1,0,1,1,0,1,0,0
83,2016,2,2000,ENTP,2,1,0,1,0,0,1,0,1
83,2016,2,2000,ENFJ,2,1,0,0,1,0,1,1,0
83,2016,2,2000,ENFP,2,1,0,0,0,0,1,1,1
83,3090,12,3000,ISTJ,1,0,1,1,1,1,0,0,0
83,3090,12,3000,INTJ,1,0,0,1,1,1,1,0,0
83,4130,3,4000,ISTJ,2,0,1,1,1,1,0,0,0
83,4130,3,4000,ISFJ,2,0,1,0,1,1,0,1,0
83,4130,3,4000,INTJ,2,0,0,1,1,1,1,0,0
83,4130,3,4000,INFJ,2,0,0,0,1,1,1,1,0
83,9016,4,9000,ESFP,1,1,1,0,0,0,0,1,1
83,9016,4,9000,ENFP,1,1,0,0,0,0,1,1,1
83,C060,14,C000,ISTJ,1,0,1,1,1,1,0,0,0
83,C060,14,C000,INTJ,1,0,0,1,1,1,1,0,0
84,2110,12,2000,ESTP,1,1,1,1,0,0,0,0,1
84,2110,12,2000,ESFP,1,1,1,0,0,0,0,1,1
84,3010,3,3000,ENFP,0,1,0,0,0,0,1,1,1
84,3110,9,3000,ISTJ,2,0,1,1,1,1,0,0,0
84,3110,9,3000,ISFJ,2,0,1,0,1,1,0,1,0
84,3110,9,3000,INTJ,2,0,0,1,1,1,1,0,0
84,3110,9,3000,INFJ,2,0,0,0,1,1,1,1,0
84,4020,10,4000,ISTJ,2,0,1,1,1,1,0,0,0
84,4020,10,4000,ISFJ,2,0,1,0,1,1,0,1,0
84,4020,10,4000,INTJ,2,0,0,1,1,1,1,0,0
84,4020,10,4000,INFJ,2,0,0,0,1,1,1,1,0
84,D050,15,D000,INTP,2,0,0,1,0,1,1,0,1
84,D050,15,D000,INTJ,2,0,0,1,1,1,1,0,0
84,D050,15,D000,ESTP,2,1,1,1,0,0,0,0,1
84,D050,15,D000,ISTP,2,0,1,1,0,1,0,0,1
85,1050,12,1000,ISTP,4,0,1,1,0,1,0,0,1
85,1050,12,1000,ISTJ,4,0,1,1,1,1,0,0,0
85,1050,12,1000,ISFP,4,0,1,0,0,1,0,1,1
85,1050,12,1000,ISFJ,4,0,1,0,1,1,0,1,0
85,1050,12,1000,INTP,4,0,0,1,0,1,1,0,1
85,1050,12,1000,INTJ,4,0,0,1,1,1,1,0,0
85,1050,12,1000,INFP,4,0,0,0,0,1,1,1,1
85,1050,12,1000,INFJ,4,0,0,0,1,1,1,1,0
85,1050,12,1000,ESTP,4,1,1,1,0,0,0,0,1
85,1050,12,1000,ESTJ,4,1,1,1,1,0,0,0,0
85,1050,12,1000,ESFP,4,1,1,0,0,0,0,1,1
85,1050,12,1000,ESFJ,4,1,1,0,1,0,0,1,0
85,1050,12,1000,ENTP,4,1,0,1,0,0,1,0,1
85,1050,12,1000,ENTJ,4,1,0,1,1,0,1,0,0
85,1050,12,1000,ENFP,4,1,0,0,0,0,1,1,1
85,1050,12,1000,ENFJ,4,1,0,0,1,0,1,1,0
85,4040,7,4000,ESTJ,2,1,1,1,1,0,0,0,0
85,4040,7,4000,ENTJ,2,1,0,1,1,0,1,0,0
85,4040,7,4000,ISTJ,2,0,1,1,1,1,0,0,0
85,4040,7,4000,INTJ,2,0,0,1,1,1,1,0,0
85,4210,7,4000,ESFP,1,1,1,0,0,0,0,1,1
85,4210,7,4000,ESFJ,1,1,1,0,1,0,0,1,0
85,7010,7,7000,ENFP,1,1,0,0,0,0,1,1,1
85,7010,7,7000,ENFJ,1,1,0,0,1,0,1,1,0
85,8075,4,8000,ESTP,2,1,1,1,0,0,0,0,1
85,8075,4,8000,ESTJ,2,1,1,1,1,0,0,0,0
85,8075,4,8000,ISTP,2,0,1,1,0,1,0,0,1
85,8075,4,8000,ISTJ,2,0,1,1,1,1,0,0,0
85,A036,10,A000,ESFP,2,1,1,0,0,0,0,1,1
85,A036,10,A000,ESFJ,2,1,1,0,1,0,0,1,0
85,A036,10,A000,ISFP,2,0,1,0,0,1,0,1,1
85,A036,10,A000,ISFJ,2,0,1,0,1,1,0,1,0
85,C020,4,C000,ESTP,3,1,1,1,0,0,0,0,1
85,C020,4,C000,ESFP,3,1,1,0,0,0,0,1,1
85,C020,4,C000,ENTP,3,1,0,1,0,0,1,0,1
85,C020,4,C000,ENFP,3,1,0,0,0,0,1,1,1
85,C020,4,C000,ISTP,3,0,1,1,0,1,0,0,1
85,C020,4,C000,ISFP,3,0,1,0,0,1,0,1,1
85,C020,4,C000,INTP,3,0,0,1,0,1,1,0,1
85,C020,4,C000,INFP,3,0,0,0,0,1,1,1,1
86,3990,3,3000,ESTJ,2,1,1,1,1,0,0,0,0
86,3990,3,3000,ESFJ,2,1,1,0,1,0,0,1,0
86,3990,3,3000,ISTJ,2,0,1,1,1,1,0,0,0
86,3990,3,3000,ISFJ,2,0,1,0,1,1,0,1,0
86,C035,11,C000,ISTP,2,0,1,1,0,1,0,0,1
86,C035,11,C000,ISFP,2,0,1,0,0,1,0,1,1
86,C035,11,C000,ESTP,2,1,1,1,0,0,0,0,1
86,C035,11,C000,ESFP,2,1,1,0,0,0,0,1,1
87,2990,1,2000,ESTJ,2,1,1,1,1,0,0,0,0
87,2990,1,2000,ENTJ,2,1,0,1,1,0,1,0,0
87,2990,1,2000,ISTJ,2,0,1,1,1,1,0,0,0
87,2990,1,2000,INTJ,2,0,0,1,1,1,1,0,0
87,3010,3,3000,ENFP,0,1,0,0,0,0,1,1,1
87,3090,2,3000,ISTJ,1,0,1,1,1,1,0,0,0
87,3090,2,3000,INTJ,1,0,0,1,1,1,1,0,0
87,3170,9,3000,INFP,0,0,0,0,0,1,1,1,1
87,4210,8,4000,ESFP,1,1,1,0,0,0,0,1,1
87,4210,8,4000,ESFJ,1,1,1,0,1,0,0,1,0
87,8095,10,8000,ESTP,2,1,1,1,0,0,0,0,1
87,8095,10,8000,ESTJ,2,1,1,1,1,0,0,0,0
87,8095,10,8000,ISTP,2,0,1,1,0,1,0,0,1
87,8095,10,8000,ISTJ,2,0,1,1,1,1,0,0,0
87,C010,4,C000,ENFP,0,1,0,0,0,0,1,1,1
87,E000,13,E000,INFJ,1,0,0,0,1,1,1,1,0
87,E000,13,E000,ENFJ,1,1,0,0,1,0,1,1,0
88,3040,7,3000,ENFP,0,1,0,0,0,0,1,1,1
88,8056,10,8000,ESTJ,2,1,1,1,1,0,0,0,0
88,8056,10,8000,ENTJ,2,1,0,1,1,0,1,0,0
88,8056,10,8000,ISTJ,2,0,1,1,1,1,0,0,0
88,8056,10,8000,INTJ,2,0,0,1,1,1,1,0,0
88,C020,13,C000,ESTP,3,1,1,1,0,0,0,0,1
88,C020,13,C000,ESFP,3,1,1,0,0,0,0,1,1
88,C020,13,C000,ENTP,3,1,0,1,0,0,1,0,1
88,C020,13,C000,ENFP,3,1,0,0,0,0,1,1,1
88,C020,13,C000,ISTP,3,0,1,1,0,1,0,0,1
88,C020,13,C000,ISFP,3,0,1,0,0,1,0,1,1
88,C020,13,C000,INTP,3,0,0,1,0,1,1,0,1
88,C020,13,C000,INFP,3,0,0,0,0,1,1,1,1
88,C030,12,C000,ISTP,2,0,1,1,0,1,0,0,1
88,C030,12,C000,ISFP,2,0,1,0,0,1,0,1,1
88,C030,12,C000,ESTP,2,1,1,1,0,0,0,0,1
88,C030,12,C000,ESFP,2,1,1,0,0,0,0,1,1
88,E050,9,E000,INFJ,1,0,0,0,1,1,1,1,0
88,E050,9,E000,ENFJ,1,1,0,0,1,0,1,1,0
89,4020,14,4000,ISTJ,2,0,1,1,1,1,0,0,0
89,4020,14,4000,ISFJ,2,0,1,0,1,1,0,1,0
89,4020,14,4000,INTJ,2,0,0,1,1,1,1,0,0
89,4020,14,4000,INFJ,2,0,0,0,1,1,1,1,0
89,7040,8,7000,ESTJ,2,1,1,1,1,0,0,0,0
89,7040,8,7000,ENTJ,2,1,0,1,1,0,1,0,0
89,7040,8,7000,ISTJ,2,0,1,1,1,1,0,0,0
89,7040,8,7000,INTJ,2,0,0,1,1,1,1,0,0
89,8990,10,8000,ESTJ,2,1,1,1,1,0,0,0,0
89,8990,10,8000,ENTJ,2,1,0,1,1,0,1,0,0
89,8990,10,8000,ISTJ,2,0,1,1,1,1,0,0,0
89,8990,10,8000,INTJ,2,0,0,1,1,1,1,0,0
89,A990,13,A000,ENFJ,1,1,0,0,1,0,1,1,0
89,A990,13,A000,INFJ,1,0,0,0,1,1,1,1,0
89,D010,2,D000,ESTJ,2,1,1,1,1,0,0,0,0
89,D010,2,D000,ENTJ,2,1,0,1,1,0,1,0,0
89,D010,2,D000,ISTJ,2,0,1,1,1,1,0,0,0
89,D010,2,D000,INTJ,2,0,0,1,1,1,1,0,0
89,E030,1,E000,ISTJ,2,0,1,1,1,1,0,0,0
89,E030,1,E000,ISFJ,2,0,1,0,1,1,0,1,0
89,E030,1,E000,INTJ,2,0,0,1,1,1,1,0,0
89,E030,1,E000,INFJ,2,0,0,0,1,1,1,1,0
90,3170,5,3000,INFP,0,0,0,0,0,1,1,1,1
90,D020,8,D000,ENTP,3,1,0,1,0,0,1,0,1
90,D020,8,D000,ENTJ,3,1,0,1,1,0,1,0,0
90,D020,8,D000,INTP,3,0,0,1,0,1,1,0,1
90,D020,8,D000,INTJ,3,0,0,1,1,1,1,0,0
90,D020,8,D000,ESTP,3,1,1,1,0,0,0,0,1
90,D020,8,D000,ESTJ,3,1,1,1,1,0,0,0,0
90,D020,8,D000,ISTP,3,0,1,1,0,1,0,0,1
90,D020,8,#REF!,ISTJ,3,0,1,1,1,1,0,0,0
91,3170,3,3000,INFP,0,0,0,0,0,1,1,1,1
91,6010,9,6000,ESTJ,1,1,1,1,1,0,0,0,0
91,6010,9,6000,ISTJ,1,0,1,1,1,1,0,0,0
91,6036,11,6000,ESFP,1,1,1,0,0,0,0,1,1
91,6036,11,6000,ENFP,1,1,0,0,0,0,1,1,1
91,A038,15,A000,ESFP,2,1,1,0,0,0,0,1,1
91,A038,15,A000,ESFJ,2,1,1,0,1,0,0,1,0
91,A038,15,A000,ISFP,2,0,1,0,0,1,0,1,1
91,A038,15,A000,ISFJ,2,0,1,0,1,1,0,1,0
91,C035,10,C000,ISTP,2,0,1,1,0,1,0,0,1
91,C035,10,C000,ISFP,2,0,1,0,0,1,0,1,1
91,C035,10,C000,ESTP,2,1,1,1,0,0,0,0,1
91,C035,10,C000,ESFP,2,1,1,0,0,0,0,1,1
91,C060,8,C000,ISTJ,1,0,1,1,1,1,0,0,0
91,C060,8,C000,INTJ,1,0,0,1,1,1,1,0,0
91,D070,14,D000,ESTP,2,1,1,1,0,0,0,0,1
91,D070,14,D000,ENTP,2,1,0,1,0,0,1,0,1
91,D070,14,D000,ISTP,2,0,1,1,0,1,0,0,1
91,D070,14,D000,INTP,2,0,0,1,0,1,1,0,1
92,4130,8,4000,ISTJ,2,0,1,1,1,1,0,0,0
92,4130,8,4000,ISFJ,2,0,1,0,1,1,0,1,0
92,4130,8,4000,INTJ,2,0,0,1,1,1,1,0,0
92,4130,8,4000,INFJ,2,0,0,0,1,1,1,1,0
92,4160,8,4000,ISFJ,2,0,1,0,1,1,0,1,0
92,4160,8,4000,ISFP,2,0,1,0,0,1,0,1,1
92,4160,8,4000,ESFJ,2,1,1,0,1,0,0,1,0
92,4160,8,4000,ESFP,2,1,1,0,0,0,0,1,1
92,7040,4,7000,ESTJ,2,1,1,1,1,0,0,0,0
92,7040,4,7000,ENTJ,2,1,0,1,1,0,1,0,0
92,7040,4,7000,ISTJ,2,0,1,1,1,1,0,0,0
92,7040,4,7000,INTJ,2,0,0,1,1,1,1,0,0
93,2070,3,2000,ESTP,2,1,1,1,0,0,0,0,1
93,2070,3,2000,ESFP,2,1,1,0,0,0,0,1,1
93,2070,3,2000,ENTP,2,1,0,1,0,0,1,0,1
93,2070,3,2000,ENFP,2,1,0,0,0,0,1,1,1
93,3030,7,3000,ISTJ,2,0,1,1,1,1,0,0,0
93,3030,7,3000,ISFJ,2,0,1,0,1,1,0,1,0
93,3030,7,3000,ESTJ,2,1,1,1,1,0,0,0,0
93,3030,7,3000,ESFJ,2,1,1,0,1,0,0,1,0
93,4020,7,4000,ISTJ,2,0,1,1,1,1,0,0,0
93,4020,7,4000,ISFJ,2,0,1,0,1,1,0,1,0
93,4020,7,4000,INTJ,2,0,0,1,1,1,1,0,0
93,4020,7,4000,INFJ,2,0,0,0,1,1,1,1,0
93,4170,7,4000,ESFP,1,1,1,0,0,0,0,1,1
93,4170,7,4000,ESFJ,1,1,1,0,1,0,0,1,0
93,9005,5,9000,ESFP,1,1,1,0,0,0,0,1,1
93,9005,5,9000,ENFP,1,1,0,0,0,0,1,1,1
93,9010,7,9000,ISTJ,2,0,1,1,1,1,0,0,0
93,9010,7,9000,ISFJ,2,0,1,0,1,1,0,1,0
93,9010,7,9000,INTJ,2,0,0,1,1,1,1,0,0
93,9010,7,9000,INFJ,2,0,0,0,1,1,1,1,0
93,A038,14,A000,ESFP,2,1,1,0,0,0,0,1,1
93,A038,14,A000,ESFJ,2,1,1,0,1,0,0,1,0
93,A038,14,A000,ISFP,2,0,1,0,0,1,0,1,1
93,A038,14,A000,ISFJ,2,0,1,0,1,1,0,1,0
94,1040,12,1000,ISTP,4,0,1,1,0,1,0,0,1
94,1040,12,1000,ISTJ,4,0,1,1,1,1,0,0,0
94,1040,12,1000,ISFP,4,0,1,0,0,1,0,1,1
94,1040,12,1000,ISFJ,4,0,1,0,1,1,0,1,0
94,1040,12,1000,INTP,4,0,0,1,0,1,1,0,1
94,1040,12,1000,INTJ,4,0,0,1,1,1,1,0,0
94,1040,12,1000,INFP,4,0,0,0,0,1,1,1,1
94,1040,12,1000,INFJ,4,0,0,0,1,1,1,1,0
94,1040,12,1000,ESTP,4,1,1,1,0,0,0,0,1
94,1040,12,1000,ESTJ,4,1,1,1,1,0,0,0,0
94,1040,12,1000,ESFP,4,1,1,0,0,0,0,1,1
94,1040,12,1000,ESFJ,4,1,1,0,1,0,0,1,0
94,1040,12,1000,ENTP,4,1,0,1,0,0,1,0,1
94,1040,12,1000,ENTJ,4,1,0,1,1,0,1,0,0
94,1040,12,1000,ENFP,4,1,0,0,0,0,1,1,1
94,1040,12,1000,ENFJ,4,1,0,0,1,0,1,1,0
94,4210,3,4000,ESFP,1,1,1,0,0,0,0,1,1
94,4210,3,4000,ESFJ,1,1,1,0,1,0,0,1,0
94,6036,2,6000,ESFP,1,1,1,0,0,0,0,1,1
94,6036,2,6000,ENFP,1,1,0,0,0,0,1,1,1
94,A010,1,A000,ENFJ,1,1,0,0,1,0,1,1,0
94,A010,1,A000,INFJ,1,0,0,0,1,1,1,1,0
94,E000,13,E000,INFJ,1,0,0,0,1,1,1,1,0
94,E000,13,E000,ENFJ,1,1,0,0,1,0,1,1,0
95,3070,11,3000,ISTP,1,0,1,1,0,1,0,0,1
95,3070,11,3000,ESTP,1,1,1,1,0,0,0,0,1
95,3170,3,3000,INFP,0,0,0,0,0,1,1,1,1
95,9070,7,9000,ESTJ,2,1,1,1,1,0,0,0,0
95,9070,7,9000,ESFJ,2,1,1,0,1,0,0,1,0
95,9070,7,9000,ISTJ,2,0,1,1,1,1,0,0,0
95,9070,7,9000,ISFJ,2,0,1,0,1,1,0,1,0
96,3110,4,3000,ISTJ,2,0,1,1,1,1,0,0,0
96,3110,4,3000,ISFJ,2,0,1,0,1,1,0,1,0
96,3110,4,3000,INTJ,2,0,0,1,1,1,1,0,0
96,3110,4,3000,INFJ,2,0,0,0,1,1,1,1,0
96,A040,6,A000,ESFP,2,1,1,0,0,0,0,1,1
96,A040,6,A000,ESFJ,2,1,1,0,1,0,0,1,0
96,A040,6,A000,ISFP,2,0,1,0,0,1,0,1,1
96,A040,6,A000,ISFJ,2,0,1,0,1,1,0,1,0
96,E040,13,E000,ESFP,1,1,1,0,0,0,0,1,1
96,E040,13,E000,ESFJ,1,1,1,0,1,0,0,1,0
97,1100,1,1000,ENFP,0,1,0,0,0,0,1,1,1
97,3040,1,3000,ENFP,0,1,0,0,0,0,1,1,1
97,3170,2,3000,INFP,0,0,0,0,0,1,1,1,1
97,6055,7,6000,ISTJ,0,0,1,1,1,1,0,0,0
97,6080,1,6000,INTJ,2,0,0,1,1,1,1,0,0
97,6080,1,6000,ISTJ,2,0,1,1,1,1,0,0,0
97,6080,1,6000,ISTJ,2,0,1,1,1,1,0,0,0
97,6080,1,6000,INTJ,2,0,0,1,1,1,1,0,0
97,B030,5,B000,INTP ,0,0,0,1,0,1,1,0,1
97,C060,7,C000,ISTJ,1,0,1,1,1,1,0,0,0
97,C060,7,C000,INTJ,1,0,0,1,1,1,1,0,0
97,D020,3,D000,ENTP,3,1,0,1,0,0,1,0,1
97,D020,3,D000,ENTJ,3,1,0,1,1,0,1,0,0
97,D020,3,D000,INTP,3,0,0,1,0,1,1,0,1
97,D020,3,D000,INTJ,3,0,0,1,1,1,1,0,0
97,D020,3,D000,ESTP,3,1,1,1,0,0,0,0,1
97,D020,3,D000,ESTJ,3,1,1,1,1,0,0,0,0
97,D020,3,D000,ISTP,3,0,1,1,0,1,0,0,1
97,D020,3,#REF!,ISTJ,3,0,1,1,1,1,0,0,0
98,3140,4,3000,ESFP,2,1,1,0,0,0,0,1,1
98,3140,4,3000,ESFJ,2,1,1,0,1,0,0,1,0
98,3140,4,3000,ISFP,2,0,1,0,0,1,0,1,1
98,3140,4,3000,ISFJ,2,0,1,0,1,1,0,1,0
98,7010,15,7000,ENFP,1,1,0,0,0,0,1,1,1
98,7010,15,7000,ENFJ,1,1,0,0,1,0,1,1,0
99,3120,8,3000,ISTP,1,0,1,1,0,1,0,0,1
99,3120,8,3000,INTP,1,0,0,1,0,1,1,0,1
99,3180,14,3000,ESTP,3,1,1,1,0,0,0,0,1
99,3180,14,3000,ESFP,3,1,1,0,0,0,0,1,1
99,3180,14,3000,ISTP,3,0,1,1,0,1,0,0,1
99,3180,14,3000,ISFP,3,0,1,0,0,1,0,1,1
99,3180,14,3000,ISTJ,3,0,1,1,1,1,0,0,0
99,3180,14,3000,ISFJ,3,0,1,0,1,1,0,1,0
99,3180,14,3000,ESTJ,3,1,1,1,1,0,0,0,0
99,3180,14,3000,ESFJ,3,1,1,0,1,0,0,1,0
99,4020,6,4000,ISTJ,2,0,1,1,1,1,0,0,0
99,4020,6,4000,ISFJ,2,0,1,0,1,1,0,1,0
99,4020,6,4000,INTJ,2,0,0,1,1,1,1,0,0
99,4020,6,4000,INFJ,2,0,0,0,1,1,1,1,0
99,6070,10,6000,ESFJ,2,1,1,0,1,0,0,1,0
99,6070,10,6000,ESTJ,2,1,1,1,1,0,0,0,0
99,6070,10,6000,ISFJ,2,0,1,0,1,1,0,1,0
99,6070,10,6000,ISTJ,2,0,1,1,1,1,0,0,0
99,E020,9,E000,ESFP,1,1,1,0,0,0,0,1,1
99,E020,9,E000,ESFJ,1,1,1,0,1,0,0,1,0
99,E070,3,E000,INFJ,0,0,0,0,1,1,1,1,0
99,E070,3,E000,ENFJ,0,1,0,0,1,0,1,1,0
