user_id,sub_code,rating,job_code,mbti,star,E,S,T,J,I,N,F,P
0,3130,8,3000,ISTP,2,0,1,1,0,1,0,0,1
0,3130,8,3000,ISFP,2,0,1,0,0,1,0,1,1
0,3130,8,3000,INTP,2,0,0,1,0,1,1,0,1
0,3130,8,3000,INFP,2,0,0,0,0,1,1,1,1
0,9010,15,9000,ISTJ,2,0,1,1,1,1,0,0,0
0,9010,15,9000,ISFJ,2,0,1,0,1,1,0,1,0
0,9010,15,9000,INTJ,2,0,0,1,1,1,1,0,0
0,9010,15,9000,INFJ,2,0,0,0,1,1,1,1,0
0,A020,3,A000,ENFJ,1,1,0,0,1,0,1,1,0
0,A020,3,A000,INFJ,1,0,0,0,1,1,1,1,0
0,A050,12,A000,ESFP,1,1,1,0,0,0,0,1,1
0,A050,12,A000,ENFP,1,1,0,0,0,0,1,1,1
1,6030,7,6000,ESTJ,1,1,1,1,1,0,0,0,0
1,6030,7,6000,ISTJ,1,0,1,1,1,1,0,0,0
1,8050,10,8000,ESTJ,2,1,1,1,1,0,0,0,0
1,8050,10,8000,ENTJ,2,1,0,1,1,0,1,0,0
1,8050,10,8000,ISTJ,2,0,1,1,1,1,0,0,0
1,8050,10,8000,INTJ,2,0,0,1,1,1,1,0,0
1,9070,5,9000,ESTJ,2,1,1,1,1,0,0,0,0
1,9070,5,9000,ESFJ,2,1,1,0,1,0,0,1,0
1,9070,5,9000,ISTJ,2,0,1,1,1,1,0,0,0
1,9070,5,9000,ISFJ,2,0,1,0,1,1,0,1,0
1,D030,15,D000,INTP,2,0,0,1,0,1,1,0,1
1,D030,15,D000,INTJ,2,0,0,1,1,1,1,0,0
1,D030,15,D000,ESTP,2,1,1,1,0,0,0,0,1
1,D030,15,D000,ISTP,2,0,1,1,0,1,0,0,1
1,E050,13,E000,INFJ,1,0,0,0,1,1,1,1,0
1,E050,13,E000,ENFJ,1,1,0,0,1,0,1,1,0
2,2060,15,2000,ESFP,1,1,1,0,0,0,0,1,1
2,2060,15,2000,ESFJ,1,1,1,0,1,0,0,1,0
2,2090,10,2000,ISTJ,2,0,1,1,1,1,0,0,0
2,2090,10,2000,ISFJ,2,0,1,0,1,1,0,1,0
2,2090,10,2000,INTJ,2,0,0,1,1,1,1,0,0
2,2090,10,2000,INFJ,2,0,0,0,1,1,1,1,0
2,B040,10,B000,ENTP,2,1,0,1,0,0,1,0,1
2,B040,10,B000,ESTP,2,1,1,1,0,0,0,0,1
2,B040,10,B000,INTP,2,0,0,1,0,1,1,0,1
2,B040,10,B000,ISTP,2,0,1,1,0,1,0,0,1
3,4040,5,4000,ESTJ,2,1,1,1,1,0,0,0,0
3,4040,5,4000,ENTJ,2,1,0,1,1,0,1,0,0
3,4040,5,4000,ISTJ,2,0,1,1,1,1,0,0,0
3,4040,5,4000,INTJ,2,0,0,1,1,1,1,0,0
3,4120,15,4000,ESTJ,2,1,1,1,1,0,0,0,0
3,4120,15,4000,ESTP,2,1,1,1,0,0,0,0,1
3,4120,15,4000,ENTJ,2,1,0,1,1,0,1,0,0
3,4120,15,4000,ENTP,2,1,0,1,0,0,1,0,1
3,4140,6,4000,ISFP,1,0,1,0,0,1,0,1,1
3,4140,6,4000,ESFP,1,1,1,0,0,0,0,1,1
3,7010,13,7000,ENFP,1,1,0,0,0,0,1,1,1
3,7010,13,7000,ENFJ,1,1,0,0,1,0,1,1,0
3,9070,11,9000,ESTJ,2,1,1,1,1,0,0,0,0
3,9070,11,9000,ESFJ,2,1,1,0,1,0,0,1,0
3,9070,11,9000,ISTJ,2,0,1,1,1,1,0,0,0
3,9070,11,9000,ISFJ,2,0,1,0,1,1,0,1,0
3,C990,1,C000,ENTP,2,1,0,1,0,0,1,0,1
3,C990,1,C000,ENFP,2,1,0,0,0,0,1,1,1
3,C990,1,C000,INTP,2,0,0,1,0,1,1,0,1
3,C990,1,C000,INFP,2,0,0,0,0,1,1,1,1
4,2090,6,2000,ISTJ,2,0,1,1,1,1,0,0,0
4,2090,6,2000,ISFJ,2,0,1,0,1,1,0,1,0
4,2090,6,2000,INTJ,2,0,0,1,1,1,1,0,0
4,2090,6,2000,INFJ,2,0,0,0,1,1,1,1,0
4,6080,1,6000,INTJ,2,0,0,1,1,1,1,0,0
4,6080,1,6000,ISTJ,2,0,1,1,1,1,0,0,0
4,6080,1,6000,ISTJ,2,0,1,1,1,1,0,0,0
4,6080,1,6000,INTJ,2,0,0,1,1,1,1,0,0
5,1070,13,1000,ISTP,2,0,1,1,0,1,0,0,1
5,1070,13,1000,ISFP,2,0,1,0,0,1,0,1,1
5,1070,13,1000,ESTP,2,1,1,1,0,0,0,0,1
5,1070,13,1000,ESFP,2,1,1,0,0,0,0,1,1
5,1090,2,1000,ESTP,1,1,1,1,0,0,0,0,1
5,1090,2,1000,ESFP,1,1,1,0,0,0,0,1,1
5,8065,10,8000,ESTP,2,1,1,1,0,0,0,0,1
5,8065,10,8000,ESTJ,2,1,1,1,1,0,0,0,0
5,8065,10,8000,ISTP,2,0,1,1,0,1,0,0,1
5,8065,10,8000,ISTJ,2,0,1,1,1,1,0,0,0
5,A033,13,A000,ESFP,2,1,1,0,0,0,0,1,1
5,A033,13,A000,ESFJ,2,1,1,0,1,0,0,1,0
5,A033,13,A000,ISFP,2,0,1,0,0,1,0,1,1
5,A033,13,A000,ISFJ,2,0,1,0,1,1,0,1,0
5,A050,4,A000,ESFP,1,1,1,0,0,0,0,1,1
5,A050,4,A000,ENFP,1,1,0,0,0,0,1,1,1
5,D050,4,D000,INTP,2,0,0,1,0,1,1,0,1
5,D050,4,D000,INTJ,2,0,0,1,1,1,1,0,0
5,D050,4,D000,ESTP,2,1,1,1,0,0,0,0,1
5,D050,4,D000,ISTP,2,0,1,1,0,1,0,0,1
5,E030,7,E000,ISTJ,2,0,1,1,1,1,0,0,0
5,E030,7,E000,ISFJ,2,0,1,0,1,1,0,1,0
5,E030,7,E000,INTJ,2,0,0,1,1,1,1,0,0
5,E030,7,E000,INFJ,2,0,0,0,1,1,1,1,0
6,3060,8,3000,ISTP,2,0,1,1,0,1,0,0,1
6,3060,8,3000,ISTJ,2,0,1,1,1,1,0,0,0
6,3060,8,3000,INTP,2,0,0,1,0,1,1,0,1
6,3060,8,3000,INTJ,2,0,0,1,1,1,1,0,0
6,3140,10,3000,ESFP,2,1,1,0,0,0,0,1,1
6,3140,10,3000,ESFJ,2,1,1,0,1,0,0,1,0
6,3140,10,3000,ISFP,2,0,1,0,0,1,0,1,1
6,3140,10,3000,ISFJ,2,0,1,0,1,1,0,1,0
6,3160,8,3000,ESTP,2,1,1,1,0,0,0,0,1
6,3160,8,3000,ESTJ,2,1,1,1,1,0,0,0,0
6,3160,8,3000,ESFP,2,1,1,0,0,0,0,1,1
6,3160,8,3000,ESFJ,2,1,1,0,1,0,0,1,0
6,4030,8,4000,ISTP,2,0,1,1,0,1,0,0,1
6,4030,8,4000,ISFP,2,0,1,0,0,1,0,1,1
6,4030,8,4000,ESTP,2,1,1,1,0,0,0,0,1
6,4030,8,4000,ESFP,2,1,1,0,0,0,0,1,1
6,4160,8,4000,ISFJ,2,0,1,0,1,1,0,1,0
6,4160,8,4000,ISFP,2,0,1,0,0,1,0,1,1
6,4160,8,4000,ESFJ,2,1,1,0,1,0,0,1,0
6,4160,8,4000,ESFP,2,1,1,0,0,0,0,1,1
6,6010,13,6000,ESTJ,1,1,1,1,1,0,0,0,0
6,6010,13,6000,ISTJ,1,0,1,1,1,1,0,0,0
6,B020,1,B000,ENTP,2,1,0,1,0,0,1,0,1
6,B020,1,B000,ENFP,2,1,0,0,0,0,1,1,1
6,B020,1,B000,INTP,2,0,0,1,0,1,1,0,1
6,B020,1,B000,INFP,2,0,0,0,0,1,1,1,1
6,B050,9,B000,ENTP,2,1,0,1,0,0,1,0,1
6,B050,9,B000,ENFP,2,1,0,0,0,0,1,1,1
6,B050,9,B000,INTP,2,0,0,1,0,1,1,0,1
6,B050,9,B000,INFP,2,0,0,0,0,1,1,1,1
6,C020,12,C000,ESTP,3,1,1,1,0,0,0,0,1
6,C020,12,C000,ESFP,3,1,1,0,0,0,0,1,1
6,C020,12,C000,ENTP,3,1,0,1,0,0,1,0,1
6,C020,12,C000,ENFP,3,1,0,0,0,0,1,1,1
6,C020,12,C000,ISTP,3,0,1,1,0,1,0,0,1
6,C020,12,C000,ISFP,3,0,1,0,0,1,0,1,1
6,C020,12,C000,INTP,3,0,0,1,0,1,1,0,1
6,C020,12,C000,INFP,3,0,0,0,0,1,1,1,1
7,1050,12,1000,ISTP,4,0,1,1,0,1,0,0,1
7,1050,12,1000,ISTJ,4,0,1,1,1,1,0,0,0
7,1050,12,1000,ISFP,4,0,1,0,0,1,0,1,1
7,1050,12,1000,ISFJ,4,0,1,0,1,1,0,1,0
7,1050,12,1000,INTP,4,0,0,1,0,1,1,0,1
7,1050,12,1000,INTJ,4,0,0,1,1,1,1,0,0
7,1050,12,1000,INFP,4,0,0,0,0,1,1,1,1
7,1050,12,1000,INFJ,4,0,0,0,1,1,1,1,0
7,1050,12,1000,ESTP,4,1,1,1,0,0,0,0,1
7,1050,12,1000,ESTJ,4,1,1,1,1,0,0,0,0
7,1050,12,1000,ESFP,4,1,1,0,0,0,0,1,1
7,1050,12,1000,ESFJ,4,1,1,0,1,0,0,1,0
7,1050,12,1000,ENTP,4,1,0,1,0,0,1,0,1
7,1050,12,1000,ENTJ,4,1,0,1,1,0,1,0,0
7,1050,12,1000,ENFP,4,1,0,0,0,0,1,1,1
7,1050,12,1000,ENFJ,4,1,0,0,1,0,1,1,0
7,2050,14,2000,ESFJ,1,1,1,0,1,0,0,1,0
7,2050,14,2000,ENFJ,1,1,0,0,1,0,1,1,0
7,2070,1,2000,ESTP,2,1,1,1,0,0,0,0,1
7,2070,1,2000,ESFP,2,1,1,0,0,0,0,1,1
7,2070,1,2000,ENTP,2,1,0,1,0,0,1,0,1
7,2070,1,2000,ENFP,2,1,0,0,0,0,1,1,1
7,4149,7,4000,ISFJ,2,0,1,0,1,1,0,1,0
7,4149,7,4000,ISFP,2,0,1,0,0,1,0,1,1
7,4149,7,4000,ESFJ,2,1,1,0,1,0,0,1,0
7,4149,7,4000,ESFP,2,1,1,0,0,0,0,1,1
7,4200,11,4000,ESFP,0,1,1,0,0,0,0,1,1
7,9010,5,9000,ISTJ,2,0,1,1,1,1,0,0,0
7,9010,5,9000,ISFJ,2,0,1,0,1,1,0,1,0
7,9010,5,9000,INTJ,2,0,0,1,1,1,1,0,0
7,9010,5,9000,INFJ,2,0,0,0,1,1,1,1,0
7,D020,14,D000,ENTP,3,1,0,1,0,0,1,0,1
7,D020,14,D000,ENTJ,3,1,0,1,1,0,1,0,0
7,D020,14,D000,INTP,3,0,0,1,0,1,1,0,1
7,D020,14,D000,INTJ,3,0,0,1,1,1,1,0,0
7,D020,14,D000,ESTP,3,1,1,1,0,0,0,0,1
7,D020,14,D000,ESTJ,3,1,1,1,1,0,0,0,0
7,D020,14,D000,ISTP,3,0,1,1,0,1,0,0,1
7,D020,14,#REF!,ISTJ,3,0,1,1,1,1,0,0,0
8,3120,2,3000,ISTP,1,0,1,1,0,1,0,0,1
8,3120,2,3000,INTP,1,0,0,1,0,1,1,0,1
8,3180,13,3000,ESTP,3,1,1,1,0,0,0,0,1
8,3180,13,3000,ESFP,3,1,1,0,0,0,0,1,1
8,3180,13,3000,ISTP,3,0,1,1,0,1,0,0,1
8,3180,13,3000,ISFP,3,0,1,0,0,1,0,1,1
8,3180,13,3000,ISTJ,3,0,1,1,1,1,0,0,0
8,3180,13,3000,ISFJ,3,0,1,0,1,1,0,1,0
8,3180,13,3000,ESTJ,3,1,1,1,1,0,0,0,0
8,3180,13,3000,ESFJ,3,1,1,0,1,0,0,1,0
8,6055,6,6000,ISTJ,0,0,1,1,1,1,0,0,0
8,A070,10,A000,ENFJ,1,1,0,0,1,0,1,1,0
8,A070,10,A000,INFJ,1,0,0,0,1,1,1,1,0
8,C020,8,C000,ESTP,3,1,1,1,0,0,0,0,1
8,C020,8,C000,ESFP,3,1,1,0,0,0,0,1,1
8,C020,8,C000,ENTP,3,1,0,1,0,0,1,0,1
8,C020,8,C000,ENFP,3,1,0,0,0,0,1,1,1
8,C020,8,C000,ISTP,3,0,1,1,0,1,0,0,1
8,C020,8,C000,ISFP,3,0,1,0,0,1,0,1,1
8,C020,8,C000,INTP,3,0,0,1,0,1,1,0,1
8,C020,8,C000,INFP,3,0,0,0,0,1,1,1,1
9,4040,2,4000,ESTJ,2,1,1,1,1,0,0,0,0
9,4040,2,4000,ENTJ,2,1,0,1,1,0,1,0,0
9,4040,2,4000,ISTJ,2,0,1,1,1,1,0,0,0
9,4040,2,4000,INTJ,2,0,0,1,1,1,1,0,0
9,4100,7,4000,ESTP,3,1,1,1,0,0,0,0,1
9,4100,7,4000,ESTJ,3,1,1,1,1,0,0,0,0
9,4100,7,4000,ENTP,3,1,0,1,0,0,1,0,1
9,4100,7,4000,ENTJ,3,1,0,1,1,0,1,0,0
9,4100,7,4000,ISTP,3,0,1,1,0,1,0,0,1
9,4100,7,4000,ISTJ,3,0,1,1,1,1,0,0,0
9,4100,7,4000,INTP,3,0,0,1,0,1,1,0,1
9,4100,7,4000,INTJ,3,0,0,1,1,1,1,0,0
9,4120,10,4000,ESTJ,2,1,1,1,1,0,0,0,0
9,4120,10,4000,ESTP,2,1,1,1,0,0,0,0,1
9,4120,10,4000,ENTJ,2,1,0,1,1,0,1,0,0
9,4120,10,4000,ENTP,2,1,0,1,0,0,1,0,1
9,4170,13,4000,ESFP,1,1,1,0,0,0,0,1,1
9,4170,13,4000,ESFJ,1,1,1,0,1,0,0,1,0
9,4990,1,4000,ENTP,3,1,0,1,0,0,1,0,1
9,4990,1,4000,ENTJ,3,1,0,1,1,0,1,0,0
9,4990,1,4000,ENFP,3,1,0,0,0,0,1,1,1
9,4990,1,4000,ENFJ,3,1,0,0,1,0,1,1,0
9,4990,1,4000,ESTP,3,1,1,1,0,0,0,0,1
9,4990,1,4000,ESTJ,3,1,1,1,1,0,0,0,0
9,4990,1,4000,ESFP,3,1,1,0,0,0,0,1,1
9,4990,1,4000,ESFJ,3,1,1,0,1,0,0,1,0
9,7040,14,7000,ESTJ,2,1,1,1,1,0,0,0,0
9,7040,14,7000,ENTJ,2,1,0,1,1,0,1,0,0
9,7040,14,7000,ISTJ,2,0,1,1,1,1,0,0,0
9,7040,14,7000,INTJ,2,0,0,1,1,1,1,0,0
9,7050,14,7000,ENFJ,2,1,0,0,1,0,1,1,0
9,7050,14,7000,ENFP,2,1,0,0,0,0,1,1,1
9,7050,14,7000,ESFJ,2,1,1,0,1,0,0,1,0
9,7050,14,7000,ESFP,2,1,1,0,0,0,0,1,1
9,A050,15,A000,ESFP,1,1,1,0,0,0,0,1,1
9,A050,15,A000,ENFP,1,1,0,0,0,0,1,1,1
9,D070,7,D000,ESTP,2,1,1,1,0,0,0,0,1
9,D070,7,D000,ENTP,2,1,0,1,0,0,1,0,1
9,D070,7,D000,ISTP,2,0,1,1,0,1,0,0,1
9,D070,7,D000,INTP,2,0,0,1,0,1,1,0,1
10,1090,4,1000,ESTP,1,1,1,1,0,0,0,0,1
10,1090,4,1000,ESFP,1,1,1,0,0,0,0,1,1
10,3160,13,3000,ESTP,2,1,1,1,0,0,0,0,1
10,3160,13,3000,ESTJ,2,1,1,1,1,0,0,0,0
10,3160,13,3000,ESFP,2,1,1,0,0,0,0,1,1
10,3160,13,3000,ESFJ,2,1,1,0,1,0,0,1,0
10,4149,5,4000,ISFJ,2,0,1,0,1,1,0,1,0
10,4149,5,4000,ISFP,2,0,1,0,0,1,0,1,1
10,4149,5,4000,ESFJ,2,1,1,0,1,0,0,1,0
10,4149,5,4000,ESFP,2,1,1,0,0,0,0,1,1
10,4170,7,4000,ESFP,1,1,1,0,0,0,0,1,1
10,4170,7,4000,ESFJ,1,1,1,0,1,0,0,1,0
10,4180,5,4000,ENFJ,1,1,0,0,1,0,1,1,0
10,4180,5,4000,INFJ,1,0,0,0,1,1,1,1,0
10,8020,14,8000,ESTJ,2,1,1,1,1,0,0,0,0
10,8020,14,8000,ENTJ,2,1,0,1,1,0,1,0,0
10,8020,14,8000,ISTJ,2,0,1,1,1,1,0,0,0
10,8020,14,8000,INTJ,2,0,0,1,1,1,1,0,0
10,D070,1,D000,ESTP,2,1,1,1,0,0,0,0,1
10,D070,1,D000,ENTP,2,1,0,1,0,0,1,0,1
10,D070,1,D000,ISTP,2,0,1,1,0,1,0,0,1
10,D070,1,D000,INTP,2,0,0,1,0,1,1,0,1
11,1090,5,1000,ESTP,1,1,1,1,0,0,0,0,1
11,1090,5,1000,ESFP,1,1,1,0,0,0,0,1,1
11,4120,11,4000,ESTJ,2,1,1,1,1,0,0,0,0
11,4120,11,4000,ESTP,2,1,1,1,0,0,0,0,1
11,4120,11,4000,ENTJ,2,1,0,1,1,0,1,0,0
11,4120,11,4000,ENTP,2,1,0,1,0,0,1,0,1
11,6010,10,6000,ESTJ,1,1,1,1,1,0,0,0,0
11,6010,10,6000,ISTJ,1,0,1,1,1,1,0,0,0
11,6036,14,6000,ESFP,1,1,1,0,0,0,0,1,1
11,6036,14,6000,ENFP,1,1,0,0,0,0,1,1,1
11,6055,3,6000,ISTJ,0,0,1,1,1,1,0,0,0
11,C040,6,C000,ESTP,3,1,1,1,0,0,0,0,1
11,C040,6,C000,ESFP,3,1,1,0,0,0,0,1,1
11,C040,6,C000,ENTP,3,1,0,1,0,0,1,0,1
11,C040,6,C000,ENFP,3,1,0,0,0,0,1,1,1
11,C040,6,C000,ISTP,3,0,1,1,0,1,0,0,1
11,C040,6,C000,ISFP,3,0,1,0,0,1,0,1,1
11,C040,6,C000,INTP,3,0,0,1,0,1,1,0,1
11,C040,6,C000,INFP,3,0,0,0,0,1,1,1,1
12,1050,12,1000,ISTP,4,0,1,1,0,1,0,0,1
12,1050,12,1000,ISTJ,4,0,1,1,1,1,0,0,0
12,1050,12,1000,ISFP,4,0,1,0,0,1,0,1,1
12,1050,12,1000,ISFJ,4,0,1,0,1,1,0,1,0
12,1050,12,1000,INTP,4,0,0,1,0,1,1,0,1
12,1050,12,1000,INTJ,4,0,0,1,1,1,1,0,0
12,1050,12,1000,INFP,4,0,0,0,0,1,1,1,1
12,1050,12,1000,INFJ,4,0,0,0,1,1,1,1,0
12,1050,12,1000,ESTP,4,1,1,1,0,0,0,0,1
12,1050,12,1000,ESTJ,4,1,1,1,1,0,0,0,0
12,1050,12,1000,ESFP,4,1,1,0,0,0,0,1,1
12,1050,12,1000,ESFJ,4,1,1,0,1,0,0,1,0
12,1050,12,1000,ENTP,4,1,0,1,0,0,1,0,1
12,1050,12,1000,ENTJ,4,1,0,1,1,0,1,0,0
12,1050,12,1000,ENFP,4,1,0,0,0,0,1,1,1
12,1050,12,1000,ENFJ,4,1,0,0,1,0,1,1,0
12,3180,9,3000,ESTP,3,1,1,1,0,0,0,0,1
12,3180,9,3000,ESFP,3,1,1,0,0,0,0,1,1
12,3180,9,3000,ISTP,3,0,1,1,0,1,0,0,1
12,3180,9,3000,ISFP,3,0,1,0,0,1,0,1,1
12,3180,9,3000,ISTJ,3,0,1,1,1,1,0,0,0
12,3180,9,3000,ISFJ,3,0,1,0,1,1,0,1,0
12,3180,9,3000,ESTJ,3,1,1,1,1,0,0,0,0
12,3180,9,3000,ESFJ,3,1,1,0,1,0,0,1,0
12,4140,7,4000,ISFP,1,0,1,0,0,1,0,1,1
12,4140,7,4000,ESFP,1,1,1,0,0,0,0,1,1
12,4210,7,4000,ESFP,1,1,1,0,0,0,0,1,1
12,4210,7,4000,ESFJ,1,1,1,0,1,0,0,1,0
12,6030,5,6000,ESTJ,1,1,1,1,1,0,0,0,0
12,6030,5,6000,ISTJ,1,0,1,1,1,1,0,0,0
12,6033,15,6000,ESFJ,3,1,1,0,1,0,0,1,0
12,6033,15,6000,ESFP,3,1,1,0,0,0,0,1,1
12,6033,15,6000,ENFJ,3,1,0,0,1,0,1,1,0
12,6033,15,6000,ENFP,3,1,0,0,0,0,1,1,1
12,6033,15,6000,ESFJ,3,1,1,0,1,0,0,1,0
12,6033,15,6000,ESFP,3,1,1,0,0,0,0,1,1
12,6033,15,6000,ESTJ,3,1,1,1,1,0,0,0,0
12,6033,15,6000,ISTJ,3,0,1,1,1,1,0,0,0
12,8056,15,8000,ESTJ,2,1,1,1,1,0,0,0,0
12,8056,15,8000,ENTJ,2,1,0,1,1,0,1,0,0
12,8056,15,8000,ISTJ,2,0,1,1,1,1,0,0,0
12,8056,15,8000,INTJ,2,0,0,1,1,1,1,0,0
12,9005,13,9000,ESFP,1,1,1,0,0,0,0,1,1
12,9005,13,9000,ENFP,1,1,0,0,0,0,1,1,1
13,3060,3,3000,ISTP,2,0,1,1,0,1,0,0,1
13,3060,3,3000,ISTJ,2,0,1,1,1,1,0,0,0
13,3060,3,3000,INTP,2,0,0,1,0,1,1,0,1
13,3060,3,3000,INTJ,2,0,0,1,1,1,1,0,0
13,4090,4,4000,INTP,3,0,0,1,0,1,1,0,1
13,4090,4,4000,INTJ,3,0,0,1,1,1,1,0,0
13,4090,4,4000,INFP,3,0,0,0,0,1,1,1,1
13,4090,4,4000,INFJ,3,0,0,0,1,1,1,1,0
13,4090,4,4000,ISTP,3,0,1,1,0,1,0,0,1
13,4090,4,4000,ISTJ,3,0,1,1,1,1,0,0,0
13,4090,4,4000,ISFP,3,0,1,0,0,1,0,1,1
13,4090,4,4000,ISFJ,3,0,1,0,1,1,0,1,0
13,6030,12,6000,ESTJ,1,1,1,1,1,0,0,0,0
13,6030,12,6000,ISTJ,1,0,1,1,1,1,0,0,0
14,4010,3,4000,ENFJ,2,1,0,0,1,0,1,1,0
14,4010,3,4000,ENFP,2,1,0,0,0,0,1,1,1
14,4010,3,4000,ESFJ,2,1,1,0,1,0,0,1,0
14,4010,3,4000,ESFP,2,1,1,0,0,0,0,1,1
14,4030,10,4000,ISTP,2,0,1,1,0,1,0,0,1
14,4030,10,4000,ISFP,2,0,1,0,0,1,0,1,1
14,4030,10,4000,ESTP,2,1,1,1,0,0,0,0,1
14,4030,10,4000,ESFP,2,1,1,0,0,0,0,1,1
14,4170,1,4000,ESFP,1,1,1,0,0,0,0,1,1
14,4170,1,4000,ESFJ,1,1,1,0,1,0,0,1,0
14,6015,4,6000,ISFP,1,0,1,0,0,1,0,1,1
14,6015,4,6000,ISFJ,1,0,1,0,1,1,0,1,0
14,6020,10,6000,ESFP,1,1,1,0,0,0,0,1,1
14,6020,10,6000,ESFJ,1,1,1,0,1,0,0,1,0
14,6055,7,6000,ISTJ,0,0,1,1,1,1,0,0,0
14,9070,15,9000,ESTJ,2,1,1,1,1,0,0,0,0
14,9070,15,9000,ESFJ,2,1,1,0,1,0,0,1,0
14,9070,15,9000,ISTJ,2,0,1,1,1,1,0,0,0
14,9070,15,9000,ISFJ,2,0,1,0,1,1,0,1,0
14,A036,10,A000,ESFP,2,1,1,0,0,0,0,1,1
14,A036,10,A000,ESFJ,2,1,1,0,1,0,0,1,0
14,A036,10,A000,ISFP,2,0,1,0,0,1,0,1,1
14,A036,10,A000,ISFJ,2,0,1,0,1,1,0,1,0
14,C040,5,C000,ESTP,3,1,1,1,0,0,0,0,1
14,C040,5,C000,ESFP,3,1,1,0,0,0,0,1,1
14,C040,5,C000,ENTP,3,1,0,1,0,0,1,0,1
14,C040,5,C000,ENFP,3,1,0,0,0,0,1,1,1
14,C040,5,C000,ISTP,3,0,1,1,0,1,0,0,1
14,C040,5,C000,ISFP,3,0,1,0,0,1,0,1,1
14,C040,5,C000,INTP,3,0,0,1,0,1,1,0,1
14,C040,5,C000,INFP,3,0,0,0,0,1,1,1,1
15,2010,12,2000,ENTJ,1,1,0,1,1,0,1,0,0
15,2010,12,2000,ENFJ,1,1,0,0,1,0,1,1,0
15,3080,13,3000,ISTP,1,0,1,1,0,1,0,0,1
15,3080,13,3000,INTP,1,0,0,1,0,1,1,0,1
15,8056,11,8000,ESTJ,2,1,1,1,1,0,0,0,0
15,8056,11,8000,ENTJ,2,1,0,1,1,0,1,0,0
15,8056,11,8000,ISTJ,2,0,1,1,1,1,0,0,0
15,8056,11,8000,INTJ,2,0,0,1,1,1,1,0,0
15,A040,13,A000,ESFP,2,1,1,0,0,0,0,1,1
15,A040,13,A000,ESFJ,2,1,1,0,1,0,0,1,0
15,A040,13,A000,ISFP,2,0,1,0,0,1,0,1,1
15,A040,13,A000,ISFJ,2,0,1,0,1,1,0,1,0
15,A090,9,A000,ENFJ,1,1,0,0,1,0,1,1,0
15,A090,9,A000,INFJ,1,0,0,0,1,1,1,1,0
16,1030,1,1000,ISTP,3,0,1,1,0,1,0,0,1
16,1030,1,1000,ISTJ,3,0,1,1,1,1,0,0,0
16,1030,1,1000,ISFP,3,0,1,0,0,1,0,1,1
16,1030,1,1000,ISFJ,3,0,1,0,1,1,0,1,0
16,1030,1,1000,ESTP,3,1,1,1,0,0,0,0,1
16,1030,1,1000,ESTJ,3,1,1,1,1,0,0,0,0
16,1030,1,1000,ESFP,3,1,1,0,0,0,0,1,1
16,1030,1,1000,ESFJ,3,1,1,0,1,0,0,1,0
16,2070,3,2000,ESTP,2,1,1,1,0,0,0,0,1
16,2070,3,2000,ESFP,2,1,1,0,0,0,0,1,1
16,2070,3,2000,ENTP,2,1,0,1,0,0,1,0,1
16,2070,3,2000,ENFP,2,1,0,0,0,0,1,1,1
16,3010,14,3000,ENFP,0,1,0,0,0,0,1,1,1
16,3070,10,3000,ISTP,1,0,1,1,0,1,0,0,1
16,3070,10,3000,ESTP,1,1,1,1,0,0,0,0,1
16,E040,15,E000,ESFP,1,1,1,0,0,0,0,1,1
16,E040,15,E000,ESFJ,1,1,1,0,1,0,0,1,0
17,2070,7,2000,ESTP,2,1,1,1,0,0,0,0,1
17,2070,7,2000,ESFP,2,1,1,0,0,0,0,1,1
17,2070,7,2000,ENTP,2,1,0,1,0,0,1,0,1
17,2070,7,2000,ENFP,2,1,0,0,0,0,1,1,1
17,C990,2,C000,ENTP,2,1,0,1,0,0,1,0,1
17,C990,2,C000,ENFP,2,1,0,0,0,0,1,1,1
17,C990,2,C000,INTP,2,0,0,1,0,1,1,0,1
17,C990,2,C000,INFP,2,0,0,0,0,1,1,1,1
18,3060,13,3000,ISTP,2,0,1,1,0,1,0,0,1
18,3060,13,3000,ISTJ,2,0,1,1,1,1,0,0,0
18,3060,13,3000,INTP,2,0,0,1,0,1,1,0,1
18,3060,13,3000,INTJ,2,0,0,1,1,1,1,0,0
18,4990,15,4000,ENTP,3,1,0,1,0,0,1,0,1
18,4990,15,4000,ENTJ,3,1,0,1,1,0,1,0,0
18,4990,15,4000,ENFP,3,1,0,0,0,0,1,1,1
18,4990,15,4000,ENFJ,3,1,0,0,1,0,1,1,0
18,4990,15,4000,ESTP,3,1,1,1,0,0,0,0,1
18,4990,15,4000,ESTJ,3,1,1,1,1,0,0,0,0
18,4990,15,4000,ESFP,3,1,1,0,0,0,0,1,1
18,4990,15,4000,ESFJ,3,1,1,0,1,0,0,1,0
18,6030,4,6000,ESTJ,1,1,1,1,1,0,0,0,0
18,6030,4,6000,ISTJ,1,0,1,1,1,1,0,0,0
18,D030,14,D000,INTP,2,0,0,1,0,1,1,0,1
18,D030,14,D000,INTJ,2,0,0,1,1,1,1,0,0
18,D030,14,D000,ESTP,2,1,1,1,0,0,0,0,1
18,D030,14,D000,ISTP,2,0,1,1,0,1,0,0,1
18,E020,8,E000,ESFP,1,1,1,0,0,0,0,1,1
18,E020,8,E000,ESFJ,1,1,1,0,1,0,0,1,0
19,4015,1,4000,ESFP,1,1,1,0,0,0,0,1,1
19,4015,1,4000,ENFP,1,1,0,0,0,0,1,1,1
19,4050,2,4000,ISTP,1,0,1,1,0,1,0,0,1
19,4050,2,4000,ISFP,1,0,1,0,0,1,0,1,1
19,4210,9,4000,ESFP,1,1,1,0,0,0,0,1,1
19,4210,9,4000,ESFJ,1,1,1,0,1,0,0,1,0
19,8050,8,8000,ESTJ,2,1,1,1,1,0,0,0,0
19,8050,8,8000,ENTJ,2,1,0,1,1,0,1,0,0
19,8050,8,8000,ISTJ,2,0,1,1,1,1,0,0,0
19,8050,8,8000,INTJ,2,0,0,1,1,1,1,0,0
19,8056,3,8000,ESTJ,2,1,1,1,1,0,0,0,0
19,8056,3,8000,ENTJ,2,1,0,1,1,0,1,0,0
19,8056,3,8000,ISTJ,2,0,1,1,1,1,0,0,0
19,8056,3,8000,INTJ,2,0,0,1,1,1,1,0,0
19,8085,9,8000,ISTP,2,0,1,1,0,1,0,0,1
19,8085,9,8000,INTP,2,0,0,1,0,1,1,0,1
19,8085,9,8000,ESTP,2,1,1,1,0,0,0,0,1
19,8085,9,8000,ENTP,2,1,0,1,0,0,1,0,1
19,C030,14,C000,ISTP,2,0,1,1,0,1,0,0,1
19,C030,14,C000,ISFP,2,0,1,0,0,1,0,1,1
19,C030,14,C000,ESTP,2,1,1,1,0,0,0,0,1
19,C030,14,C000,ESFP,2,1,1,0,0,0,0,1,1
19,D040,8,D000,ESFP,1,1,1,0,0,0,0,1,1
19,D040,8,D000,ESFJ,1,1,1,0,1,0,0,1,0
20,4020,12,4000,ISTJ,2,0,1,1,1,1,0,0,0
20,4020,12,4000,ISFJ,2,0,1,0,1,1,0,1,0
20,4020,12,4000,INTJ,2,0,0,1,1,1,1,0,0
20,4020,12,4000,INFJ,2,0,0,0,1,1,1,1,0
20,E000,12,E000,INFJ,1,0,0,0,1,1,1,1,0
20,E000,12,E000,ENFJ,1,1,0,0,1,0,1,1,0
21,3010,7,3000,ENFP,0,1,0,0,0,0,1,1,1
21,4060,5,4000,ENTP,1,1,0,1,0,0,1,0,1
21,4060,5,4000,INTP,1,0,0,1,0,1,1,0,1
21,4095,2,4000,ISTP,1,0,1,1,0,1,0,0,1
21,4095,2,4000,ESTP,1,1,1,1,0,0,0,0,1
21,4130,5,4000,ISTJ,2,0,1,1,1,1,0,0,0
21,4130,5,4000,ISFJ,2,0,1,0,1,1,0,1,0
21,4130,5,4000,INTJ,2,0,0,1,1,1,1,0,0
21,4130,5,4000,INFJ,2,0,0,0,1,1,1,1,0
21,4990,9,4000,ENTP,3,1,0,1,0,0,1,0,1
21,4990,9,4000,ENTJ,3,1,0,1,1,0,1,0,0
21,4990,9,4000,ENFP,3,1,0,0,0,0,1,1,1
21,4990,9,4000,ENFJ,3,1,0,0,1,0,1,1,0
21,4990,9,4000,ESTP,3,1,1,1,0,0,0,0,1
21,4990,9,4000,ESTJ,3,1,1,1,1,0,0,0,0
21,4990,9,4000,ESFP,3,1,1,0,0,0,0,1,1
21,4990,9,4000,ESFJ,3,1,1,0,1,0,0,1,0
21,6080,1,6000,INTJ,2,0,0,1,1,1,1,0,0
21,6080,1,6000,ISTJ,2,0,1,1,1,1,0,0,0
21,6080,1,6000,ISTJ,2,0,1,1,1,1,0,0,0
21,6080,1,6000,INTJ,2,0,0,1,1,1,1,0,0
21,9016,13,9000,ESFP,1,1,1,0,0,0,0,1,1
21,9016,13,9000,ENFP,1,1,0,0,0,0,1,1,1
21,C990,14,C000,ENTP,2,1,0,1,0,0,1,0,1
21,C990,14,C000,ENFP,2,1,0,0,0,0,1,1,1
21,C990,14,C000,INTP,2,0,0,1,0,1,1,0,1
21,C990,14,C000,INFP,2,0,0,0,0,1,1,1,1
22,D030,10,D000,INTP,2,0,0,1,0,1,1,0,1
22,D030,10,D000,INTJ,2,0,0,1,1,1,1,0,0
22,D030,10,D000,ESTP,2,1,1,1,0,0,0,0,1
22,D030,10,D000,ISTP,2,0,1,1,0,1,0,0,1
23,3030,13,3000,ISTJ,2,0,1,1,1,1,0,0,0
23,3030,13,3000,ISFJ,2,0,1,0,1,1,0,1,0
23,3030,13,3000,ESTJ,2,1,1,1,1,0,0,0,0
23,3030,13,3000,ESFJ,2,1,1,0,1,0,0,1,0
23,3070,10,3000,ISTP,1,0,1,1,0,1,0,0,1
23,3070,10,3000,ESTP,1,1,1,1,0,0,0,0,1
23,4990,13,4000,ENTP,3,1,0,1,0,0,1,0,1
23,4990,13,4000,ENTJ,3,1,0,1,1,0,1,0,0
23,4990,13,4000,ENFP,3,1,0,0,0,0,1,1,1
23,4990,13,4000,ENFJ,3,1,0,0,1,0,1,1,0
23,4990,13,4000,ESTP,3,1,1,1,0,0,0,0,1
23,4990,13,4000,ESTJ,3,1,1,1,1,0,0,0,0
23,4990,13,4000,ESFP,3,1,1,0,0,0,0,1,1
23,4990,13,4000,ESFJ,3,1,1,0,1,0,0,1,0
23,A033,9,A000,ESFP,2,1,1,0,0,0,0,1,1
23,A033,9,A000,ESFJ,2,1,1,0,1,0,0,1,0
23,A033,9,A000,ISFP,2,0,1,0,0,1,0,1,1
23,A033,9,A000,ISFJ,2,0,1,0,1,1,0,1,0
23,D070,15,D000,ESTP,2,1,1,1,0,0,0,0,1
23,D070,15,D000,ENTP,2,1,0,1,0,0,1,0,1
23,D070,15,D000,ISTP,2,0,1,1,0,1,0,0,1
23,D070,15,D000,INTP,2,0,0,1,0,1,1,0,1
24,3070,2,3000,ISTP,1,0,1,1,0,1,0,0,1
24,3070,2,3000,ESTP,1,1,1,1,0,0,0,0,1
24,4015,5,4000,ESFP,1,1,1,0,0,0,0,1,1
24,4015,5,4000,ENFP,1,1,0,0,0,0,1,1,1
24,4140,2,4000,ISFP,1,0,1,0,0,1,0,1,1
24,4140,2,4000,ESFP,1,1,1,0,0,0,0,1,1
24,6020,5,6000,ESFP,1,1,1,0,0,0,0,1,1
24,6020,5,6000,ESFJ,1,1,1,0,1,0,0,1,0
24,8085,15,8000,ISTP,2,0,1,1,0,1,0,0,1
24,8085,15,8000,INTP,2,0,0,1,0,1,1,0,1
24,8085,15,8000,ESTP,2,1,1,1,0,0,0,0,1
24,8085,15,8000,ENTP,2,1,0,1,0,0,1,0,1
24,9010,14,9000,ISTJ,2,0,1,1,1,1,0,0,0
24,9010,14,9000,ISFJ,2,0,1,0,1,1,0,1,0
24,9010,14,9000,INTJ,2,0,0,1,1,1,1,0,0
24,9010,14,9000,INFJ,2,0,0,0,1,1,1,1,0
24,9070,2,9000,ESTJ,2,1,1,1,1,0,0,0,0
24,9070,2,9000,ESFJ,2,1,1,0,1,0,0,1,0
24,9070,2,9000,ISTJ,2,0,1,1,1,1,0,0,0
24,9070,2,9000,ISFJ,2,0,1,0,1,1,0,1,0
24,E000,5,E000,INFJ,1,0,0,0,1,1,1,1,0
24,E000,5,E000,ENFJ,1,1,0,0,1,0,1,1,0
25,8065,3,8000,ESTP,2,1,1,1,0,0,0,0,1
25,8065,3,8000,ESTJ,2,1,1,1,1,0,0,0,0
25,8065,3,8000,ISTP,2,0,1,1,0,1,0,0,1
25,8065,3,8000,ISTJ,2,0,1,1,1,1,0,0,0
25,8085,3,8000,ISTP,2,0,1,1,0,1,0,0,1
25,8085,3,8000,INTP,2,0,0,1,0,1,1,0,1
25,8085,3,8000,ESTP,2,1,1,1,0,0,0,0,1
25,8085,3,8000,ENTP,2,1,0,1,0,0,1,0,1
26,2090,14,2000,ISTJ,2,0,1,1,1,1,0,0,0
26,2090,14,2000,ISFJ,2,0,1,0,1,1,0,1,0
26,2090,14,2000,INTJ,2,0,0,1,1,1,1,0,0
26,2090,14,2000,INFJ,2,0,0,0,1,1,1,1,0
26,4020,1,4000,ISTJ,2,0,1,1,1,1,0,0,0
26,4020,1,4000,ISFJ,2,0,1,0,1,1,0,1,0
26,4020,1,4000,INTJ,2,0,0,1,1,1,1,0,0
26,4020,1,4000,INFJ,2,0,0,0,1,1,1,1,0
26,4060,15,4000,ENTP,1,1,0,1,0,0,1,0,1
26,4060,15,4000,INTP,1,0,0,1,0,1,1,0,1
26,8110,6,8000,ESTJ,2,1,1,1,1,0,0,0,0
26,8110,6,8000,ENTJ,2,1,0,1,1,0,1,0,0
26,8110,6,8000,ISTJ,2,0,1,1,1,1,0,0,0
26,8110,6,8000,INTJ,2,0,0,1,1,1,1,0,0
26,9010,10,9000,ISTJ,2,0,1,1,1,1,0,0,0
26,9010,10,9000,ISFJ,2,0,1,0,1,1,0,1,0
26,9010,10,9000,INTJ,2,0,0,1,1,1,1,0,0
26,9010,10,9000,INFJ,2,0,0,0,1,1,1,1,0
26,A070,8,A000,ENFJ,1,1,0,0,1,0,1,1,0
26,A070,8,A000,INFJ,1,0,0,0,1,1,1,1,0
26,D070,9,D000,ESTP,2,1,1,1,0,0,0,0,1
26,D070,9,D000,ENTP,2,1,0,1,0,0,1,0,1
26,D070,9,D000,ISTP,2,0,1,1,0,1,0,0,1
26,D070,9,D000,INTP,2,0,0,1,0,1,1,0,1
27,2100,7,2000,ISTJ,2,0,1,1,1,1,0,0,0
27,2100,7,2000,ISFJ,2,0,1,0,1,1,0,1,0
27,2100,7,2000,INTJ,2,0,0,1,1,1,1,0,0
27,2100,7,2000,INFJ,2,0,0,0,1,1,1,1,0
27,3140,7,3000,ESFP,2,1,1,0,0,0,0,1,1
27,3140,7,3000,ESFJ,2,1,1,0,1,0,0,1,0
27,3140,7,3000,ISFP,2,0,1,0,0,1,0,1,1
27,3140,7,3000,ISFJ,2,0,1,0,1,1,0,1,0
27,4020,3,4000,ISTJ,2,0,1,1,1,1,0,0,0
27,4020,3,4000,ISFJ,2,0,1,0,1,1,0,1,0
27,4020,3,4000,INTJ,2,0,0,1,1,1,1,0,0
27,4020,3,4000,INFJ,2,0,0,0,1,1,1,1,0
27,6070,8,6000,ESFJ,2,1,1,0,1,0,0,1,0
27,6070,8,6000,ESTJ,2,1,1,1,1,0,0,0,0
27,6070,8,6000,ISFJ,2,0,1,0,1,1,0,1,0
27,6070,8,6000,ISTJ,2,0,1,1,1,1,0,0,0
27,7025,8,7000,ENFJ,2,1,0,0,1,0,1,1,0
27,7025,8,7000,ENFP,2,1,0,0,0,0,1,1,1
27,7025,8,7000,ESFJ,2,1,1,0,1,0,0,1,0
27,7025,8,7000,ESFP,2,1,1,0,0,0,0,1,1
27,8990,7,8000,ESTJ,2,1,1,1,1,0,0,0,0
27,8990,7,8000,ENTJ,2,1,0,1,1,0,1,0,0
27,8990,7,8000,ISTJ,2,0,1,1,1,1,0,0,0
27,8990,7,8000,INTJ,2,0,0,1,1,1,1,0,0
27,C020,6,C000,ESTP,3,1,1,1,0,0,0,0,1
27,C020,6,C000,ESFP,3,1,1,0,0,0,0,1,1
27,C020,6,C000,ENTP,3,1,0,1,0,0,1,0,1
27,C020,6,C000,ENFP,3,1,0,0,0,0,1,1,1
27,C020,6,C000,ISTP,3,0,1,1,0,1,0,0,1
27,C020,6,C000,ISFP,3,0,1,0,0,1,0,1,1
27,C020,6,C000,INTP,3,0,0,1,0,1,1,0,1
27,C020,6,C000,INFP,3,0,0,0,0,1,1,1,1
27,D070,12,D000,ESTP,2,1,1,1,0,0,0,0,1
27,D070,12,D000,ENTP,2,1,0,1,0,0,1,0,1
27,D070,12,D000,ISTP,2,0,1,1,0,1,0,0,1
27,D070,12,D000,INTP,2,0,0,1,0,1,1,0,1
28,4060,4,4000,ENTP,1,1,0,1,0,0,1,0,1
28,4060,4,4000,INTP,1,0,0,1,0,1,1,0,1
29,1010,7,1000,ISFP,1,0,1,0,0,1,0,1,1
29,1010,7,1000,ESFP,1,1,1,0,0,0,0,1,1
29,1090,7,1000,ESTP,1,1,1,1,0,0,0,0,1
29,1090,7,1000,ESFP,1,1,1,0,0,0,0,1,1
29,3040,4,3000,ENFP,0,1,0,0,0,0,1,1,1
29,4020,9,4000,ISTJ,2,0,1,1,1,1,0,0,0
29,4020,9,4000,ISFJ,2,0,1,0,1,1,0,1,0
29,4020,9,4000,INTJ,2,0,0,1,1,1,1,0,0
29,4020,9,4000,INFJ,2,0,0,0,1,1,1,1,0
29,4180,7,4000,ENFJ,1,1,0,0,1,0,1,1,0
29,4180,7,4000,INFJ,1,0,0,0,1,1,1,1,0
29,6055,3,6000,ISTJ,0,0,1,1,1,1,0,0,0
29,8020,3,8000,ESTJ,2,1,1,1,1,0,0,0,0
29,8020,3,8000,ENTJ,2,1,0,1,1,0,1,0,0
29,8020,3,8000,ISTJ,2,0,1,1,1,1,0,0,0
29,8020,3,8000,INTJ,2,0,0,1,1,1,1,0,0
29,A060,5,A000,ENFJ,1,1,0,0,1,0,1,1,0
29,A060,5,A000,INFJ,1,0,0,0,1,1,1,1,0
29,D050,5,D000,INTP,2,0,0,1,0,1,1,0,1
29,D050,5,D000,INTJ,2,0,0,1,1,1,1,0,0
29,D050,5,D000,ESTP,2,1,1,1,0,0,0,0,1
29,D050,5,D000,ISTP,2,0,1,1,0,1,0,0,1
30,2016,7,2000,ENTJ,2,1,0,1,1,0,1,0,0
30,2016,7,2000,ENTP,2,1,0,1,0,0,1,0,1
30,2016,7,2000,ENFJ,2,1,0,0,1,0,1,1,0
30,2016,7,2000,ENFP,2,1,0,0,0,0,1,1,1
30,3010,8,3000,ENFP,0,1,0,0,0,0,1,1,1
30,3043,6,3000,ENFP,1,1,0,0,0,0,1,1,1
30,3043,6,3000,ENFP,1,1,0,0,0,0,1,1,1
30,3123,1,3000,ESTJ,2,1,1,1,1,0,0,0,0
30,3123,1,3000,ESFJ,2,1,1,0,1,0,0,1,0
30,3123,1,3000,ENTJ,2,1,0,1,1,0,1,0,0
30,3123,1,3000,ENFJ,2,1,0,0,1,0,1,1,0
30,4095,14,4000,ISTP,1,0,1,1,0,1,0,0,1
30,4095,14,4000,ESTP,1,1,1,1,0,0,0,0,1
30,6080,14,6000,INTJ,2,0,0,1,1,1,1,0,0
30,6080,14,6000,ISTJ,2,0,1,1,1,1,0,0,0
30,6080,14,6000,ISTJ,2,0,1,1,1,1,0,0,0
30,6080,14,6000,INTJ,2,0,0,1,1,1,1,0,0
30,8085,8,8000,ISTP,2,0,1,1,0,1,0,0,1
30,8085,8,8000,INTP,2,0,0,1,0,1,1,0,1
30,8085,8,8000,ESTP,2,1,1,1,0,0,0,0,1
30,8085,8,8000,ENTP,2,1,0,1,0,0,1,0,1
30,8110,6,8000,ESTJ,2,1,1,1,1,0,0,0,0
30,8110,6,8000,ENTJ,2,1,0,1,1,0,1,0,0
30,8110,6,8000,ISTJ,2,0,1,1,1,1,0,0,0
30,8110,6,8000,INTJ,2,0,0,1,1,1,1,0,0
31,1020,1,1000,ISTP,2,0,1,1,0,1,0,0,1
31,1020,1,1000,ISFP,2,0,1,0,0,1,0,1,1
31,1020,1,1000,ESTP,2,1,1,1,0,0,0,0,1
31,1020,1,1000,ESFP,2,1,1,0,0,0,0,1,1
31,2016,9,2000,ENTJ,2,1,0,1,1,0,1,0,0
31,2016,9,2000,ENTP,2,1,0,1,0,0,1,0,1
31,2016,9,2000,ENFJ,2,1,0,0,1,0,1,1,0
31,2016,9,2000,ENFP,2,1,0,0,0,0,1,1,1
31,4200,15,4000,ESFP,0,1,1,0,0,0,0,1,1
31,A080,6,A000,ENFJ,3,1,0,0,1,0,1,1,0
31,A080,6,A000,ENFP,3,1,0,0,0,0,1,1,1
31,A080,6,A000,ENTJ,3,1,0,1,1,0,1,0,0
31,A080,6,A000,ENTP,3,1,0,1,0,0,1,0,1
31,A080,6,A000,INFJ,3,0,0,0,1,1,1,1,0
31,A080,6,A000,INFP,3,0,0,0,0,1,1,1,1
31,A080,6,A000,INTJ,3,0,0,1,1,1,1,0,0
31,A080,6,A000,INTP,3,0,0,1,0,1,1,0,1
31,E060,9,E000,ESTJ,2,1,1,1,1,0,0,0,0
31,E060,9,E000,ENTJ,2,1,0,1,1,0,1,0,0
31,E060,9,E000,ISTJ,2,0,1,1,1,1,0,0,0
31,E060,9,E000,INTJ,2,0,0,1,1,1,1,0,0
32,1010,11,1000,ISFP,1,0,1,0,0,1,0,1,1
32,1010,11,1000,ESFP,1,1,1,0,0,0,0,1,1
32,2100,7,2000,ISTJ,2,0,1,1,1,1,0,0,0
32,2100,7,2000,ISFJ,2,0,1,0,1,1,0,1,0
32,2100,7,2000,INTJ,2,0,0,1,1,1,1,0,0
32,2100,7,2000,INFJ,2,0,0,0,1,1,1,1,0
32,4149,8,4000,ISFJ,2,0,1,0,1,1,0,1,0
32,4149,8,4000,ISFP,2,0,1,0,0,1,0,1,1
32,4149,8,4000,ESFJ,2,1,1,0,1,0,0,1,0
32,4149,8,4000,ESFP,2,1,1,0,0,0,0,1,1
32,4160,1,4000,ISFJ,2,0,1,0,1,1,0,1,0
32,4160,1,4000,ISFP,2,0,1,0,0,1,0,1,1
32,4160,1,4000,ESFJ,2,1,1,0,1,0,0,1,0
32,4160,1,4000,ESFP,2,1,1,0,0,0,0,1,1
32,8095,5,8000,ESTP,2,1,1,1,0,0,0,0,1
32,8095,5,8000,ESTJ,2,1,1,1,1,0,0,0,0
32,8095,5,8000,ISTP,2,0,1,1,0,1,0,0,1
32,8095,5,8000,ISTJ,2,0,1,1,1,1,0,0,0
32,9070,2,9000,ESTJ,2,1,1,1,1,0,0,0,0
32,9070,2,9000,ESFJ,2,1,1,0,1,0,0,1,0
32,9070,2,9000,ISTJ,2,0,1,1,1,1,0,0,0
32,9070,2,9000,ISFJ,2,0,1,0,1,1,0,1,0
32,B010,8,B000,ENFP,3,1,0,0,0,0,1,1,1
32,B010,8,B000,ESTP,3,1,1,1,0,0,0,0,1
32,B010,8,B000,ENTP,3,1,0,1,0,0,1,0,1
32,B010,8,B000,ESFP,3,1,1,0,0,0,0,1,1
32,B010,8,B000,INTP,3,0,0,1,0,1,1,0,1
32,B010,8,B000,INFP,3,0,0,0,0,1,1,1,1
32,B010,8,B000,ISTP,3,0,1,1,0,1,0,0,1
32,B010,8,B000,ISFP,3,0,1,0,0,1,0,1,1
32,C040,15,C000,ESTP,3,1,1,1,0,0,0,0,1
32,C040,15,C000,ESFP,3,1,1,0,0,0,0,1,1
32,C040,15,C000,ENTP,3,1,0,1,0,0,1,0,1
32,C040,15,C000,ENFP,3,1,0,0,0,0,1,1,1
32,C040,15,C000,ISTP,3,0,1,1,0,1,0,0,1
32,C040,15,C000,ISFP,3,0,1,0,0,1,0,1,1
32,C040,15,C000,INTP,3,0,0,1,0,1,1,0,1
32,C040,15,C000,INFP,3,0,0,0,0,1,1,1,1
32,D060,5,D000,ESTP,1,1,1,1,0,0,0,0,1
32,D060,5,D000,ISTP,1,0,1,1,0,1,0,0,1
32,E020,10,E000,ESFP,1,1,1,0,0,0,0,1,1
32,E020,10,E000,ESFJ,1,1,1,0,1,0,0,1,0
33,2050,5,2000,ESFJ,1,1,1,0,1,0,0,1,0
33,2050,5,2000,ENFJ,1,1,0,0,1,0,1,1,0
33,3030,12,3000,ISTJ,2,0,1,1,1,1,0,0,0
33,3030,12,3000,ISFJ,2,0,1,0,1,1,0,1,0
33,3030,12,3000,ESTJ,2,1,1,1,1,0,0,0,0
33,3030,12,3000,ESFJ,2,1,1,0,1,0,0,1,0
33,4020,11,4000,ISTJ,2,0,1,1,1,1,0,0,0
33,4020,11,4000,ISFJ,2,0,1,0,1,1,0,1,0
33,4020,11,4000,INTJ,2,0,0,1,1,1,1,0,0
33,4020,11,4000,INFJ,2,0,0,0,1,1,1,1,0
33,4030,15,4000,ISTP,2,0,1,1,0,1,0,0,1
33,4030,15,4000,ISFP,2,0,1,0,0,1,0,1,1
33,4030,15,4000,ESTP,2,1,1,1,0,0,0,0,1
33,4030,15,4000,ESFP,2,1,1,0,0,0,0,1,1
33,4200,7,4000,ESFP,0,1,1,0,0,0,0,1,1
33,6020,3,6000,ESFP,1,1,1,0,0,0,0,1,1
33,6020,3,6000,ESFJ,1,1,1,0,1,0,0,1,0
33,7050,8,7000,ENFJ,2,1,0,0,1,0,1,1,0
33,7050,8,7000,ENFP,2,1,0,0,0,0,1,1,1
33,7050,8,7000,ESFJ,2,1,1,0,1,0,0,1,0
33,7050,8,7000,ESFP,2,1,1,0,0,0,0,1,1
33,8110,3,8000,ESTJ,2,1,1,1,1,0,0,0,0
33,8110,3,8000,ENTJ,2,1,0,1,1,0,1,0,0
33,8110,3,8000,ISTJ,2,0,1,1,1,1,0,0,0
33,8110,3,8000,INTJ,2,0,0,1,1,1,1,0,0
33,A038,15,A000,ESFP,2,1,1,0,0,0,0,1,1
33,A038,15,A000,ESFJ,2,1,1,0,1,0,0,1,0
33,A038,15,A000,ISFP,2,0,1,0,0,1,0,1,1
33,A038,15,A000,ISFJ,2,0,1,0,1,1,0,1,0
33,B990,6,B000,ENTP,1,1,0,1,0,0,1,0,1
33,B990,6,B000,INTP,1,0,0,1,0,1,1,0,1
34,1070,9,1000,ISTP,2,0,1,1,0,1,0,0,1
34,1070,9,1000,ISFP,2,0,1,0,0,1,0,1,1
34,1070,9,1000,ESTP,2,1,1,1,0,0,0,0,1
34,1070,9,1000,ESFP,2,1,1,0,0,0,0,1,1
34,2080,4,2000,INTJ,3,0,0,1,1,1,1,0,0
34,2080,4,2000,INTP,3,0,0,1,0,1,1,0,1
34,2080,4,2000,INFJ,3,0,0,0,1,1,1,1,0
34,2080,4,2000,INFP,3,0,0,0,0,1,1,1,1
34,2080,4,2000,ENTJ,3,1,0,1,1,0,1,0,0
34,2080,4,2000,ENTP,3,1,0,1,0,0,1,0,1
34,2080,4,2000,ENFJ,3,1,0,0,1,0,1,1,0
34,2080,4,2000,ENFP,3,1,0,0,0,0,1,1,1
34,3030,3,3000,ISTJ,2,0,1,1,1,1,0,0,0
34,3030,3,3000,ISFJ,2,0,1,0,1,1,0,1,0
34,3030,3,3000,ESTJ,2,1,1,1,1,0,0,0,0
34,3030,3,3000,ESFJ,2,1,1,0,1,0,0,1,0
34,3080,15,3000,ISTP,1,0,1,1,0,1,0,0,1
34,3080,15,3000,INTP,1,0,0,1,0,1,1,0,1
34,4120,5,4000,ESTJ,2,1,1,1,1,0,0,0,0
34,4120,5,4000,ESTP,2,1,1,1,0,0,0,0,1
34,4120,5,4000,ENTJ,2,1,0,1,1,0,1,0,0
34,4120,5,4000,ENTP,2,1,0,1,0,0,1,0,1
34,4190,8,4000,ENFJ,1,1,0,0,1,0,1,1,0
34,4190,8,4000,INFJ,1,0,0,0,1,1,1,1,0
34,8050,9,8000,ESTJ,2,1,1,1,1,0,0,0,0
34,8050,9,8000,ENTJ,2,1,0,1,1,0,1,0,0
34,8050,9,8000,ISTJ,2,0,1,1,1,1,0,0,0
34,8050,9,8000,INTJ,2,0,0,1,1,1,1,0,0
34,A030,13,A000,ESTJ,3,1,1,1,1,0,0,0,0
34,A030,13,A000,ESTP,3,1,1,1,0,0,0,0,1
34,A030,13,A000,ENTJ,3,1,0,1,1,0,1,0,0
34,A030,13,A000,ENTP,3,1,0,1,0,0,1,0,1
34,A030,13,A000,ISTJ,3,0,1,1,1,1,0,0,0
34,A030,13,A000,ISTP,3,0,1,1,0,1,0,0,1
34,A030,13,A000,INTJ,3,0,0,1,1,1,1,0,0
34,A030,13,A000,INTP,3,0,0,1,0,1,1,0,1
34,A990,8,A000,ENFJ,1,1,0,0,1,0,1,1,0
34,A990,8,A000,INFJ,1,0,0,0,1,1,1,1,0
34,C035,10,C000,ISTP,2,0,1,1,0,1,0,0,1
34,C035,10,C000,ISFP,2,0,1,0,0,1,0,1,1
34,C035,10,C000,ESTP,2,1,1,1,0,0,0,0,1
34,C035,10,C000,ESFP,2,1,1,0,0,0,0,1,1
35,3990,10,3000,ESTJ,2,1,1,1,1,0,0,0,0
35,3990,10,3000,ESFJ,2,1,1,0,1,0,0,1,0
35,3990,10,3000,ISTJ,2,0,1,1,1,1,0,0,0
35,3990,10,3000,ISFJ,2,0,1,0,1,1,0,1,0
35,A010,1,A000,ENFJ,1,1,0,0,1,0,1,1,0
35,A010,1,A000,INFJ,1,0,0,0,1,1,1,1,0
36,1030,3,1000,ISTP,3,0,1,1,0,1,0,0,1
36,1030,3,1000,ISTJ,3,0,1,1,1,1,0,0,0
36,1030,3,1000,ISFP,3,0,1,0,0,1,0,1,1
36,1030,3,1000,ISFJ,3,0,1,0,1,1,0,1,0
36,1030,3,1000,ESTP,3,1,1,1,0,0,0,0,1
36,1030,3,1000,ESTJ,3,1,1,1,1,0,0,0,0
36,1030,3,1000,ESFP,3,1,1,0,0,0,0,1,1
36,1030,3,1000,ESFJ,3,1,1,0,1,0,0,1,0
36,1080,8,1000,ISTJ,2,0,1,1,1,1,0,0,0
36,1080,8,1000,ISFJ,2,0,1,0,1,1,0,1,0
36,1080,8,1000,ESTJ,2,1,1,1,1,0,0,0,0
36,1080,8,1000,ESFJ,2,1,1,0,1,0,0,1,0
36,4020,11,4000,ISTJ,2,0,1,1,1,1,0,0,0
36,4020,11,4000,ISFJ,2,0,1,0,1,1,0,1,0
36,4020,11,4000,INTJ,2,0,0,1,1,1,1,0,0
36,4020,11,4000,INFJ,2,0,0,0,1,1,1,1,0
36,4149,3,4000,ISFJ,2,0,1,0,1,1,0,1,0
36,4149,3,4000,ISFP,2,0,1,0,0,1,0,1,1
36,4149,3,4000,ESFJ,2,1,1,0,1,0,0,1,0
36,4149,3,4000,ESFP,2,1,1,0,0,0,0,1,1
36,A036,7,A000,ESFP,2,1,1,0,0,0,0,1,1
36,A036,7,A000,ESFJ,2,1,1,0,1,0,0,1,0
36,A036,7,A000,ISFP,2,0,1,0,0,1,0,1,1
36,A036,7,A000,ISFJ,2,0,1,0,1,1,0,1,0
36,A050,1,A000,ESFP,1,1,1,0,0,0,0,1,1
36,A050,1,A000,ENFP,1,1,0,0,0,0,1,1,1
36,B050,3,B000,ENTP,2,1,0,1,0,0,1,0,1
36,B050,3,B000,ENFP,2,1,0,0,0,0,1,1,1
36,B050,3,B000,INTP,2,0,0,1,0,1,1,0,1
36,B050,3,B000,INFP,2,0,0,0,0,1,1,1,1
37,1020,13,1000,ISTP,2,0,1,1,0,1,0,0,1
37,1020,13,1000,ISFP,2,0,1,0,0,1,0,1,1
37,1020,13,1000,ESTP,2,1,1,1,0,0,0,0,1
37,1020,13,1000,ESFP,2,1,1,0,0,0,0,1,1
37,3050,12,3000,ISTJ,1,0,1,1,1,1,0,0,0
37,3050,12,3000,INTJ,1,0,0,1,1,1,1,0,0
37,4149,6,4000,ISFJ,2,0,1,0,1,1,0,1,0
37,4149,6,4000,ISFP,2,0,1,0,0,1,0,1,1
37,4149,6,4000,ESFJ,2,1,1,0,1,0,0,1,0
37,4149,6,4000,ESFP,2,1,1,0,0,0,0,1,1
37,7010,5,7000,ENFP,1,1,0,0,0,0,1,1,1
37,7010,5,7000,ENFJ,1,1,0,0,1,0,1,1,0
37,8095,1,8000,ESTP,2,1,1,1,0,0,0,0,1
37,8095,1,8000,ESTJ,2,1,1,1,1,0,0,0,0
37,8095,1,8000,ISTP,2,0,1,1,0,1,0,0,1
37,8095,1,8000,ISTJ,2,0,1,1,1,1,0,0,0
37,B990,4,B000,ENTP,1,1,0,1,0,0,1,0,1
37,B990,4,B000,INTP,1,0,0,1,0,1,1,0,1
37,D010,14,D000,ESTJ,2,1,1,1,1,0,0,0,0
37,D010,14,D000,ENTJ,2,1,0,1,1,0,1,0,0
37,D010,14,D000,ISTJ,2,0,1,1,1,1,0,0,0
37,D010,14,D000,INTJ,2,0,0,1,1,1,1,0,0
37,E030,10,E000,ISTJ,2,0,1,1,1,1,0,0,0
37,E030,10,E000,ISFJ,2,0,1,0,1,1,0,1,0
37,E030,10,E000,INTJ,2,0,0,1,1,1,1,0,0
37,E030,10,E000,INFJ,2,0,0,0,1,1,1,1,0
38,4180,13,4000,ENFJ,1,1,0,0,1,0,1,1,0
38,4180,13,4000,INFJ,1,0,0,0,1,1,1,1,0
39,1010,12,1000,ISFP,1,0,1,0,0,1,0,1,1
39,1010,12,1000,ESFP,1,1,1,0,0,0,0,1,1
39,3040,7,3000,ENFP,0,1,0,0,0,0,1,1,1
39,3160,1,3000,ESTP,2,1,1,1,0,0,0,0,1
39,3160,1,3000,ESTJ,2,1,1,1,1,0,0,0,0
39,3160,1,3000,ESFP,2,1,1,0,0,0,0,1,1
39,3160,1,3000,ESFJ,2,1,1,0,1,0,0,1,0
39,4180,1,4000,ENFJ,1,1,0,0,1,0,1,1,0
39,4180,1,4000,INFJ,1,0,0,0,1,1,1,1,0
39,6033,14,6000,ESFJ,3,1,1,0,1,0,0,1,0
39,6033,14,6000,ESFP,3,1,1,0,0,0,0,1,1
39,6033,14,6000,ENFJ,3,1,0,0,1,0,1,1,0
39,6033,14,6000,ENFP,3,1,0,0,0,0,1,1,1
39,6033,14,6000,ESFJ,3,1,1,0,1,0,0,1,0
39,6033,14,6000,ESFP,3,1,1,0,0,0,0,1,1
39,6033,14,6000,ESTJ,3,1,1,1,1,0,0,0,0
39,6033,14,6000,ISTJ,3,0,1,1,1,1,0,0,0
39,C035,12,C000,ISTP,2,0,1,1,0,1,0,0,1
39,C035,12,C000,ISFP,2,0,1,0,0,1,0,1,1
39,C035,12,C000,ESTP,2,1,1,1,0,0,0,0,1
39,C035,12,C000,ESFP,2,1,1,0,0,0,0,1,1
40,3170,15,3000,INFP,0,0,0,0,0,1,1,1,1
40,6080,15,6000,INTJ,2,0,0,1,1,1,1,0,0
40,6080,15,6000,ISTJ,2,0,1,1,1,1,0,0,0
40,6080,15,6000,ISTJ,2,0,1,1,1,1,0,0,0
40,6080,15,6000,INTJ,2,0,0,1,1,1,1,0,0
40,8100,5,8000,ENTP,2,1,0,1,0,0,1,0,1
40,8100,5,8000,ENTJ,2,1,0,1,1,0,1,0,0
40,8100,5,8000,INTP,2,0,0,1,0,1,1,0,1
40,8100,5,8000,INTJ,2,0,0,1,1,1,1,0,0
40,D050,3,D000,INTP,2,0,0,1,0,1,1,0,1
40,D050,3,D000,INTJ,2,0,0,1,1,1,1,0,0
40,D050,3,D000,ESTP,2,1,1,1,0,0,0,0,1
40,D050,3,D000,ISTP,2,0,1,1,0,1,0,0,1
41,1120,12,1000,ISTJ,2,0,1,1,1,1,0,0,0
41,1120,12,1000,ISFJ,2,0,1,0,1,1,0,1,0
41,1120,12,1000,ESTJ,2,1,1,1,1,0,0,0,0
41,1120,12,1000,ESFJ,2,1,1,0,1,0,0,1,0
41,6080,8,6000,INTJ,2,0,0,1,1,1,1,0,0
41,6080,8,6000,ISTJ,2,0,1,1,1,1,0,0,0
41,6080,8,6000,ISTJ,2,0,1,1,1,1,0,0,0
41,6080,8,6000,INTJ,2,0,0,1,1,1,1,0,0
41,A030,9,A000,ESTJ,3,1,1,1,1,0,0,0,0
41,A030,9,A000,ESTP,3,1,1,1,0,0,0,0,1
41,A030,9,A000,ENTJ,3,1,0,1,1,0,1,0,0
41,A030,9,A000,ENTP,3,1,0,1,0,0,1,0,1
41,A030,9,A000,ISTJ,3,0,1,1,1,1,0,0,0
41,A030,9,A000,ISTP,3,0,1,1,0,1,0,0,1
41,A030,9,A000,INTJ,3,0,0,1,1,1,1,0,0
41,A030,9,A000,INTP,3,0,0,1,0,1,1,0,1
41,A040,3,A000,ESFP,2,1,1,0,0,0,0,1,1
41,A040,3,A000,ESFJ,2,1,1,0,1,0,0,1,0
41,A040,3,A000,ISFP,2,0,1,0,0,1,0,1,1
41,A040,3,A000,ISFJ,2,0,1,0,1,1,0,1,0
41,B030,7,B000,INTP ,0,0,0,1,0,1,1,0,1
41,E030,10,E000,ISTJ,2,0,1,1,1,1,0,0,0
41,E030,10,E000,ISFJ,2,0,1,0,1,1,0,1,0
41,E030,10,E000,INTJ,2,0,0,1,1,1,1,0,0
41,E030,10,E000,INFJ,2,0,0,0,1,1,1,1,0
42,1020,1,1000,ISTP,2,0,1,1,0,1,0,0,1
42,1020,1,1000,ISFP,2,0,1,0,0,1,0,1,1
42,1020,1,1000,ESTP,2,1,1,1,0,0,0,0,1
42,1020,1,1000,ESFP,2,1,1,0,0,0,0,1,1
42,3120,11,3000,ISTP,1,0,1,1,0,1,0,0,1
42,3120,11,3000,INTP,1,0,0,1,0,1,1,0,1
42,3126,11,3000,ESTJ,2,1,1,1,1,0,0,0,0
42,3126,11,3000,ESFJ,2,1,1,0,1,0,0,1,0
42,3126,11,3000,ENTJ,2,1,0,1,1,0,1,0,0
42,3126,11,3000,ENFJ,2,1,0,0,1,0,1,1,0
42,4050,7,4000,ISTP,1,0,1,1,0,1,0,0,1
42,4050,7,4000,ISFP,1,0,1,0,0,1,0,1,1
42,6030,12,6000,ESTJ,1,1,1,1,1,0,0,0,0
42,6030,12,6000,ISTJ,1,0,1,1,1,1,0,0,0
42,6050,8,6000,ESTJ,3,1,1,1,1,0,0,0,0
42,6050,8,6000,ESTP,3,1,1,1,0,0,0,0,1
42,6050,8,6000,ENTJ,3,1,0,1,1,0,1,0,0
42,6050,8,6000,ENTP,3,1,0,1,0,0,1,0,1
42,6050,8,6000,ISTJ,3,0,1,1,1,1,0,0,0
42,6050,8,6000,ISTP,3,0,1,1,0,1,0,0,1
42,6050,8,6000,INTJ,3,0,0,1,1,1,1,0,0
42,6050,8,6000,INTP,3,0,0,1,0,1,1,0,1
42,7050,12,7000,ENFJ,2,1,0,0,1,0,1,1,0
42,7050,12,7000,ENFP,2,1,0,0,0,0,1,1,1
42,7050,12,7000,ESFJ,2,1,1,0,1,0,0,1,0
42,7050,12,7000,ESFP,2,1,1,0,0,0,0,1,1
42,8095,12,8000,ESTP,2,1,1,1,0,0,0,0,1
42,8095,12,8000,ESTJ,2,1,1,1,1,0,0,0,0
42,8095,12,8000,ISTP,2,0,1,1,0,1,0,0,1
42,8095,12,8000,ISTJ,2,0,1,1,1,1,0,0,0
42,B020,4,B000,ENTP,2,1,0,1,0,0,1,0,1
42,B020,4,B000,ENFP,2,1,0,0,0,0,1,1,1
42,B020,4,B000,INTP,2,0,0,1,0,1,1,0,1
42,B020,4,B000,INFP,2,0,0,0,0,1,1,1,1
43,C020,4,C000,ESTP,3,1,1,1,0,0,0,0,1
43,C020,4,C000,ESFP,3,1,1,0,0,0,0,1,1
43,C020,4,C000,ENTP,3,1,0,1,0,0,1,0,1
43,C020,4,C000,ENFP,3,1,0,0,0,0,1,1,1
43,C020,4,C000,ISTP,3,0,1,1,0,1,0,0,1
43,C020,4,C000,ISFP,3,0,1,0,0,1,0,1,1
43,C020,4,C000,INTP,3,0,0,1,0,1,1,0,1
43,C020,4,C000,INFP,3,0,0,0,0,1,1,1,1
43,E000,4,E000,INFJ,1,0,0,0,1,1,1,1,0
43,E000,4,E000,ENFJ,1,1,0,0,1,0,1,1,0
44,3043,12,3000,ENFP,1,1,0,0,0,0,1,1,1
44,3043,12,3000,ENFP,1,1,0,0,0,0,1,1,1
44,4170,13,4000,ESFP,1,1,1,0,0,0,0,1,1
44,4170,13,4000,ESFJ,1,1,1,0,1,0,0,1,0
44,4190,2,4000,ENFJ,1,1,0,0,1,0,1,1,0
44,4190,2,4000,INFJ,1,0,0,0,1,1,1,1,0
44,C010,14,C000,ENFP,0,1,0,0,0,0,1,1,1
44,C030,12,C000,ISTP,2,0,1,1,0,1,0,0,1
44,C030,12,C000,ISFP,2,0,1,0,0,1,0,1,1
44,C030,12,C000,ESTP,2,1,1,1,0,0,0,0,1
44,C030,12,C000,ESFP,2,1,1,0,0,0,0,1,1
44,C050,6,C000,ENTP,2,1,0,1,0,0,1,0,1
44,C050,6,C000,ENFP,2,1,0,0,0,0,1,1,1
44,C050,6,C000,INTP,2,0,0,1,0,1,1,0,1
44,C050,6,C000,INFP,2,0,0,0,0,1,1,1,1
44,E020,5,E000,ESFP,1,1,1,0,0,0,0,1,1
44,E020,5,E000,ESFJ,1,1,1,0,1,0,0,1,0
45,4040,10,4000,ESTJ,2,1,1,1,1,0,0,0,0
45,4040,10,4000,ENTJ,2,1,0,1,1,0,1,0,0
45,4040,10,4000,ISTJ,2,0,1,1,1,1,0,0,0
45,4040,10,4000,INTJ,2,0,0,1,1,1,1,0,0
45,4130,14,4000,ISTJ,2,0,1,1,1,1,0,0,0
45,4130,14,4000,ISFJ,2,0,1,0,1,1,0,1,0
45,4130,14,4000,INTJ,2,0,0,1,1,1,1,0,0
45,4130,14,4000,INFJ,2,0,0,0,1,1,1,1,0
45,4180,4,4000,ENFJ,1,1,0,0,1,0,1,1,0
45,4180,4,4000,INFJ,1,0,0,0,1,1,1,1,0
45,7020,2,7000,ESFJ,2,1,1,0,1,0,0,1,0
45,7020,2,7000,ESTJ,2,1,1,1,1,0,0,0,0
45,7020,2,7000,ISFJ,2,0,1,0,1,1,0,1,0
45,7020,2,7000,ISTJ,2,0,1,1,1,1,0,0,0
45,9005,3,9000,ESFP,1,1,1,0,0,0,0,1,1
45,9005,3,9000,ENFP,1,1,0,0,0,0,1,1,1
45,A030,1,A000,ESTJ,3,1,1,1,1,0,0,0,0
45,A030,1,A000,ESTP,3,1,1,1,0,0,0,0,1
45,A030,1,A000,ENTJ,3,1,0,1,1,0,1,0,0
45,A030,1,A000,ENTP,3,1,0,1,0,0,1,0,1
45,A030,1,A000,ISTJ,3,0,1,1,1,1,0,0,0
45,A030,1,A000,ISTP,3,0,1,1,0,1,0,0,1
45,A030,1,A000,INTJ,3,0,0,1,1,1,1,0,0
45,A030,1,A000,INTP,3,0,0,1,0,1,1,0,1
46,1120,14,1000,ISTJ,2,0,1,1,1,1,0,0,0
46,1120,14,1000,ISFJ,2,0,1,0,1,1,0,1,0
46,1120,14,1000,ESTJ,2,1,1,1,1,0,0,0,0
46,1120,14,1000,ESFJ,2,1,1,0,1,0,0,1,0
46,3030,7,3000,ISTJ,2,0,1,1,1,1,0,0,0
46,3030,7,3000,ISFJ,2,0,1,0,1,1,0,1,0
46,3030,7,3000,ESTJ,2,1,1,1,1,0,0,0,0
46,3030,7,3000,ESFJ,2,1,1,0,1,0,0,1,0
46,3160,13,3000,ESTP,2,1,1,1,0,0,0,0,1
46,3160,13,3000,ESTJ,2,1,1,1,1,0,0,0,0
46,3160,13,3000,ESFP,2,1,1,0,0,0,0,1,1
46,3160,13,3000,ESFJ,2,1,1,0,1,0,0,1,0
46,4120,13,4000,ESTJ,2,1,1,1,1,0,0,0,0
46,4120,13,4000,ESTP,2,1,1,1,0,0,0,0,1
46,4120,13,4000,ENTJ,2,1,0,1,1,0,1,0,0
46,4120,13,4000,ENTP,2,1,0,1,0,0,1,0,1
46,6010,1,6000,ESTJ,1,1,1,1,1,0,0,0,0
46,6010,1,6000,ISTJ,1,0,1,1,1,1,0,0,0
47,1050,7,1000,ISTP,4,0,1,1,0,1,0,0,1
47,1050,7,1000,ISTJ,4,0,1,1,1,1,0,0,0
47,1050,7,1000,ISFP,4,0,1,0,0,1,0,1,1
47,1050,7,1000,ISFJ,4,0,1,0,1,1,0,1,0
47,1050,7,1000,INTP,4,0,0,1,0,1,1,0,1
47,1050,7,1000,INTJ,4,0,0,1,1,1,1,0,0
47,1050,7,1000,INFP,4,0,0,0,0,1,1,1,1
47,1050,7,1000,INFJ,4,0,0,0,1,1,1,1,0
47,1050,7,1000,ESTP,4,1,1,1,0,0,0,0,1
47,1050,7,1000,ESTJ,4,1,1,1,1,0,0,0,0
47,1050,7,1000,ESFP,4,1,1,0,0,0,0,1,1
47,1050,7,1000,ESFJ,4,1,1,0,1,0,0,1,0
47,1050,7,1000,ENTP,4,1,0,1,0,0,1,0,1
47,1050,7,1000,ENTJ,4,1,0,1,1,0,1,0,0
47,1050,7,1000,ENFP,4,1,0,0,0,0,1,1,1
47,1050,7,1000,ENFJ,4,1,0,0,1,0,1,1,0
47,4140,8,4000,ISFP,1,0,1,0,0,1,0,1,1
47,4140,8,4000,ESFP,1,1,1,0,0,0,0,1,1
47,9070,2,9000,ESTJ,2,1,1,1,1,0,0,0,0
47,9070,2,9000,ESFJ,2,1,1,0,1,0,0,1,0
47,9070,2,9000,ISTJ,2,0,1,1,1,1,0,0,0
47,9070,2,9000,ISFJ,2,0,1,0,1,1,0,1,0
47,A038,14,A000,ESFP,2,1,1,0,0,0,0,1,1
47,A038,14,A000,ESFJ,2,1,1,0,1,0,0,1,0
47,A038,14,A000,ISFP,2,0,1,0,0,1,0,1,1
47,A038,14,A000,ISFJ,2,0,1,0,1,1,0,1,0
47,E070,5,E000,INFJ,0,0,0,0,1,1,1,1,0
47,E070,5,E000,ENFJ,0,1,0,0,1,0,1,1,0
48,3180,13,3000,ESTP,3,1,1,1,0,0,0,0,1
48,3180,13,3000,ESFP,3,1,1,0,0,0,0,1,1
48,3180,13,3000,ISTP,3,0,1,1,0,1,0,0,1
48,3180,13,3000,ISFP,3,0,1,0,0,1,0,1,1
48,3180,13,3000,ISTJ,3,0,1,1,1,1,0,0,0
48,3180,13,3000,ISFJ,3,0,1,0,1,1,0,1,0
48,3180,13,3000,ESTJ,3,1,1,1,1,0,0,0,0
48,3180,13,3000,ESFJ,3,1,1,0,1,0,0,1,0
48,6050,14,6000,ESTJ,3,1,1,1,1,0,0,0,0
48,6050,14,6000,ESTP,3,1,1,1,0,0,0,0,1
48,6050,14,6000,ENTJ,3,1,0,1,1,0,1,0,0
48,6050,14,6000,ENTP,3,1,0,1,0,0,1,0,1
48,6050,14,6000,ISTJ,3,0,1,1,1,1,0,0,0
48,6050,14,6000,ISTP,3,0,1,1,0,1,0,0,1
48,6050,14,6000,INTJ,3,0,0,1,1,1,1,0,0
48,6050,14,6000,INTP,3,0,0,1,0,1,1,0,1
48,8100,8,8000,ENTP,2,1,0,1,0,0,1,0,1
48,8100,8,8000,ENTJ,2,1,0,1,1,0,1,0,0
48,8100,8,8000,INTP,2,0,0,1,0,1,1,0,1
48,8100,8,8000,INTJ,2,0,0,1,1,1,1,0,0
48,9005,12,9000,ESFP,1,1,1,0,0,0,0,1,1
48,9005,12,9000,ENFP,1,1,0,0,0,0,1,1,1
48,A020,12,A000,ENFJ,1,1,0,0,1,0,1,1,0
48,A020,12,A000,INFJ,1,0,0,0,1,1,1,1,0
48,A036,8,A000,ESFP,2,1,1,0,0,0,0,1,1
48,A036,8,A000,ESFJ,2,1,1,0,1,0,0,1,0
48,A036,8,A000,ISFP,2,0,1,0,0,1,0,1,1
48,A036,8,A000,ISFJ,2,0,1,0,1,1,0,1,0
48,A070,11,A000,ENFJ,1,1,0,0,1,0,1,1,0
48,A070,11,A000,INFJ,1,0,0,0,1,1,1,1,0
48,D040,2,D000,ESFP,1,1,1,0,0,0,0,1,1
48,D040,2,D000,ESFJ,1,1,1,0,1,0,0,1,0
48,D060,1,D000,ESTP,1,1,1,1,0,0,0,0,1
48,D060,1,D000,ISTP,1,0,1,1,0,1,0,0,1
49,3030,11,3000,ISTJ,2,0,1,1,1,1,0,0,0
49,3030,11,3000,ISFJ,2,0,1,0,1,1,0,1,0
49,3030,11,3000,ESTJ,2,1,1,1,1,0,0,0,0
49,3030,11,3000,ESFJ,2,1,1,0,1,0,0,1,0
49,3080,13,3000,ISTP,1,0,1,1,0,1,0,0,1
49,3080,13,3000,INTP,1,0,0,1,0,1,1,0,1
49,8040,6,8000,ESTJ,1,1,1,1,1,0,0,0,0
49,8040,6,8000,ISTJ,1,0,1,1,1,1,0,0,0
49,C040,4,C000,ESTP,3,1,1,1,0,0,0,0,1
49,C040,4,C000,ESFP,3,1,1,0,0,0,0,1,1
49,C040,4,C000,ENTP,3,1,0,1,0,0,1,0,1
49,C040,4,C000,ENFP,3,1,0,0,0,0,1,1,1
49,C040,4,C000,ISTP,3,0,1,1,0,1,0,0,1
49,C040,4,C000,ISFP,3,0,1,0,0,1,0,1,1
49,C040,4,C000,INTP,3,0,0,1,0,1,1,0,1
49,C040,4,C000,INFP,3,0,0,0,0,1,1,1,1
50,1040,13,1000,ISTP,4,0,1,1,0,1,0,0,1
50,1040,13,1000,ISTJ,4,0,1,1,1,1,0,0,0
50,1040,13,1000,ISFP,4,0,1,0,0,1,0,1,1
50,1040,13,1000,ISFJ,4,0,1,0,1,1,0,1,0
50,1040,13,1000,INTP,4,0,0,1,0,1,1,0,1
50,1040,13,1000,INTJ,4,0,0,1,1,1,1,0,0
50,1040,13,1000,INFP,4,0,0,0,0,1,1,1,1
50,1040,13,1000,INFJ,4,0,0,0,1,1,1,1,0
50,1040,13,1000,ESTP,4,1,1,1,0,0,0,0,1
50,1040,13,1000,ESTJ,4,1,1,1,1,0,0,0,0
50,1040,13,1000,ESFP,4,1,1,0,0,0,0,1,1
50,1040,13,1000,ESFJ,4,1,1,0,1,0,0,1,0
50,1040,13,1000,ENTP,4,1,0,1,0,0,1,0,1
50,1040,13,1000,ENTJ,4,1,0,1,1,0,1,0,0
50,1040,13,1000,ENFP,4,1,0,0,0,0,1,1,1
50,1040,13,1000,ENFJ,4,1,0,0,1,0,1,1,0
50,3080,4,3000,ISTP,1,0,1,1,0,1,0,0,1
50,3080,4,3000,INTP,1,0,0,1,0,1,1,0,1
50,3126,14,3000,ESTJ,2,1,1,1,1,0,0,0,0
50,3126,14,3000,ESFJ,2,1,1,0,1,0,0,1,0
50,3126,14,3000,ENTJ,2,1,0,1,1,0,1,0,0
50,3126,14,3000,ENFJ,2,1,0,0,1,0,1,1,0
50,9016,13,9000,ESFP,1,1,1,0,0,0,0,1,1
50,9016,13,9000,ENFP,1,1,0,0,0,0,1,1,1
51,1070,5,1000,ISTP,2,0,1,1,0,1,0,0,1
51,1070,5,1000,ISFP,2,0,1,0,0,1,0,1,1
51,1070,5,1000,ESTP,2,1,1,1,0,0,0,0,1
51,1070,5,1000,ESFP,2,1,1,0,0,0,0,1,1
51,1110,11,1000,ESTP,3,1,1,1,0,0,0,0,1
51,1110,11,1000,ESFP,3,1,1,0,0,0,0,1,1
51,1110,11,1000,ISTP,3,0,1,1,0,1,0,0,1
51,1110,11,1000,ISFP,3,0,1,0,0,1,0,1,1
51,1110,11,1000,ISTJ,3,0,1,1,1,1,0,0,0
51,1110,11,1000,ISFJ,3,0,1,0,1,1,0,1,0
51,1110,11,1000,ESTJ,3,1,1,1,1,0,0,0,0
51,1110,11,1000,ESFJ,3,1,1,0,1,0,0,1,0
51,2070,7,2000,ESTP,2,1,1,1,0,0,0,0,1
51,2070,7,2000,ESFP,2,1,1,0,0,0,0,1,1
51,2070,7,2000,ENTP,2,1,0,1,0,0,1,0,1
51,2070,7,2000,ENFP,2,1,0,0,0,0,1,1,1
51,2080,1,2000,INTJ,3,0,0,1,1,1,1,0,0
51,2080,1,2000,INTP,3,0,0,1,0,1,1,0,1
51,2080,1,2000,INFJ,3,0,0,0,1,1,1,1,0
51,2080,1,2000,INFP,3,0,0,0,0,1,1,1,1
51,2080,1,2000,ENTJ,3,1,0,1,1,0,1,0,0
51,2080,1,2000,ENTP,3,1,0,1,0,0,1,0,1
51,2080,1,2000,ENFJ,3,1,0,0,1,0,1,1,0
51,2080,1,2000,ENFP,3,1,0,0,0,0,1,1,1
51,2090,5,2000,ISTJ,2,0,1,1,1,1,0,0,0
51,2090,5,2000,ISFJ,2,0,1,0,1,1,0,1,0
51,2090,5,2000,INTJ,2,0,0,1,1,1,1,0,0
51,2090,5,2000,INFJ,2,0,0,0,1,1,1,1,0
51,4200,5,4000,ESFP,0,1,1,0,0,0,0,1,1
51,6070,15,6000,ESFJ,2,1,1,0,1,0,0,1,0
51,6070,15,6000,ESTJ,2,1,1,1,1,0,0,0,0
51,6070,15,6000,ISFJ,2,0,1,0,1,1,0,1,0
51,6070,15,6000,ISTJ,2,0,1,1,1,1,0,0,0
51,8050,11,8000,ESTJ,2,1,1,1,1,0,0,0,0
51,8050,11,8000,ENTJ,2,1,0,1,1,0,1,0,0
51,8050,11,8000,ISTJ,2,0,1,1,1,1,0,0,0
51,8050,11,8000,INTJ,2,0,0,1,1,1,1,0,0
51,8110,4,8000,ESTJ,2,1,1,1,1,0,0,0,0
51,8110,4,8000,ENTJ,2,1,0,1,1,0,1,0,0
51,8110,4,8000,ISTJ,2,0,1,1,1,1,0,0,0
51,8110,4,8000,INTJ,2,0,0,1,1,1,1,0,0
52,4120,10,4000,ESTJ,2,1,1,1,1,0,0,0,0
52,4120,10,4000,ESTP,2,1,1,1,0,0,0,0,1
52,4120,10,4000,ENTJ,2,1,0,1,1,0,1,0,0
52,4120,10,4000,ENTP,2,1,0,1,0,0,1,0,1
52,6030,8,6000,ESTJ,1,1,1,1,1,0,0,0,0
52,6030,8,6000,ISTJ,1,0,1,1,1,1,0,0,0
52,8040,15,8000,ESTJ,1,1,1,1,1,0,0,0,0
52,8040,15,8000,ISTJ,1,0,1,1,1,1,0,0,0
52,8065,4,8000,ESTP,2,1,1,1,0,0,0,0,1
52,8065,4,8000,ESTJ,2,1,1,1,1,0,0,0,0
52,8065,4,8000,ISTP,2,0,1,1,0,1,0,0,1
52,8065,4,8000,ISTJ,2,0,1,1,1,1,0,0,0
52,9063,9,9000,ESTJ,2,1,1,1,1,0,0,0,0
52,9063,9,9000,ESTP,2,1,1,1,0,0,0,0,1
52,9063,9,9000,ISTJ,2,0,1,1,1,1,0,0,0
52,9063,9,9000,ISTP,2,0,1,1,0,1,0,0,1
52,A010,12,A000,ENFJ,1,1,0,0,1,0,1,1,0
52,A010,12,A000,INFJ,1,0,0,0,1,1,1,1,0
52,A090,8,A000,ENFJ,1,1,0,0,1,0,1,1,0
52,A090,8,A000,INFJ,1,0,0,0,1,1,1,1,0
52,D010,2,D000,ESTJ,2,1,1,1,1,0,0,0,0
52,D010,2,D000,ENTJ,2,1,0,1,1,0,1,0,0
52,D010,2,D000,ISTJ,2,0,1,1,1,1,0,0,0
52,D010,2,D000,INTJ,2,0,0,1,1,1,1,0,0
52,D020,4,D000,ENTP,3,1,0,1,0,0,1,0,1
52,D020,4,D000,ENTJ,3,1,0,1,1,0,1,0,0
52,D020,4,D000,INTP,3,0,0,1,0,1,1,0,1
52,D020,4,D000,INTJ,3,0,0,1,1,1,1,0,0
52,D020,4,D000,ESTP,3,1,1,1,0,0,0,0,1
52,D020,4,D000,ESTJ,3,1,1,1,1,0,0,0,0
52,D020,4,D000,ISTP,3,0,1,1,0,1,0,0,1
52,D020,4,#REF!,ISTJ,3,0,1,1,1,1,0,0,0
53,2016,8,2000,ENTJ,2,1,0,1,1,0,1,0,0
53,2016,8,2000,ENTP,2,1,0,1,0,0,1,0,1
53,2016,8,2000,ENFJ,2,1,0,0,1,0,1,1,0
53,2016,8,2000,ENFP,2,1,0,0,0,0,1,1,1
53,7025,11,7000,ENFJ,2,1,0,0,1,0,1,1,0
53,7025,11,7000,ENFP,2,1,0,0,0,0,1,1,1
53,7025,11,7000,ESFJ,2,1,1,0,1,0,0,1,0
53,7025,11,7000,ESFP,2,1,1,0,0,0,0,1,1
54,1060,9,1000,ISTJ,2,0,1,1,1,1,0,0,0
54,1060,9,1000,ISFJ,2,0,1,0,1,1,0,1,0
54,1060,9,1000,ESTJ,2,1,1,1,1,0,0,0,0
54,1060,9,1000,ESFJ,2,1,1,0,1,0,0,1,0
54,3180,4,3000,ESTP,3,1,1,1,0,0,0,0,1
54,3180,4,3000,ESFP,3,1,1,0,0,0,0,1,1
54,3180,4,3000,ISTP,3,0,1,1,0,1,0,0,1
54,3180,4,3000,ISFP,3,0,1,0,0,1,0,1,1
54,3180,4,3000,ISTJ,3,0,1,1,1,1,0,0,0
54,3180,4,3000,ISFJ,3,0,1,0,1,1,0,1,0
54,3180,4,3000,ESTJ,3,1,1,1,1,0,0,0,0
54,3180,4,3000,ESFJ,3,1,1,0,1,0,0,1,0
54,4015,6,4000,ESFP,1,1,1,0,0,0,0,1,1
54,4015,6,4000,ENFP,1,1,0,0,0,0,1,1,1
54,4060,10,4000,ENTP,1,1,0,1,0,0,1,0,1
54,4060,10,4000,INTP,1,0,0,1,0,1,1,0,1
54,4120,15,4000,ESTJ,2,1,1,1,1,0,0,0,0
54,4120,15,4000,ESTP,2,1,1,1,0,0,0,0,1
54,4120,15,4000,ENTJ,2,1,0,1,1,0,1,0,0
54,4120,15,4000,ENTP,2,1,0,1,0,0,1,0,1
54,4190,7,4000,ENFJ,1,1,0,0,1,0,1,1,0
54,4190,7,4000,INFJ,1,0,0,0,1,1,1,1,0
54,6070,4,6000,ESFJ,2,1,1,0,1,0,0,1,0
54,6070,4,6000,ESTJ,2,1,1,1,1,0,0,0,0
54,6070,4,6000,ISFJ,2,0,1,0,1,1,0,1,0
54,6070,4,6000,ISTJ,2,0,1,1,1,1,0,0,0
54,7020,5,7000,ESFJ,2,1,1,0,1,0,0,1,0
54,7020,5,7000,ESTJ,2,1,1,1,1,0,0,0,0
54,7020,5,7000,ISFJ,2,0,1,0,1,1,0,1,0
54,7020,5,7000,ISTJ,2,0,1,1,1,1,0,0,0
54,A060,7,A000,ENFJ,1,1,0,0,1,0,1,1,0
54,A060,7,A000,INFJ,1,0,0,0,1,1,1,1,0
54,E070,5,E000,INFJ,0,0,0,0,1,1,1,1,0
54,E070,5,E000,ENFJ,0,1,0,0,1,0,1,1,0
55,2060,15,2000,ESFP,1,1,1,0,0,0,0,1,1
55,2060,15,2000,ESFJ,1,1,1,0,1,0,0,1,0
55,4090,6,4000,INTP,3,0,0,1,0,1,1,0,1
55,4090,6,4000,INTJ,3,0,0,1,1,1,1,0,0
55,4090,6,4000,INFP,3,0,0,0,0,1,1,1,1
55,4090,6,4000,INFJ,3,0,0,0,1,1,1,1,0
55,4090,6,4000,ISTP,3,0,1,1,0,1,0,0,1
55,4090,6,4000,ISTJ,3,0,1,1,1,1,0,0,0
55,4090,6,4000,ISFP,3,0,1,0,0,1,0,1,1
55,4090,6,4000,ISFJ,3,0,1,0,1,1,0,1,0
55,A040,3,A000,ESFP,2,1,1,0,0,0,0,1,1
55,A040,3,A000,ESFJ,2,1,1,0,1,0,0,1,0
55,A040,3,A000,ISFP,2,0,1,0,0,1,0,1,1
55,A040,3,A000,ISFJ,2,0,1,0,1,1,0,1,0
56,3060,12,3000,ISTP,2,0,1,1,0,1,0,0,1
56,3060,12,3000,ISTJ,2,0,1,1,1,1,0,0,0
56,3060,12,3000,INTP,2,0,0,1,0,1,1,0,1
56,3060,12,3000,INTJ,2,0,0,1,1,1,1,0,0
56,4220,2,4000,ENTP,3,1,0,1,0,0,1,0,1
56,4220,2,4000,ENTJ,3,1,0,1,1,0,1,0,0
56,4220,2,4000,ENFP,3,1,0,0,0,0,1,1,1
56,4220,2,4000,ENFJ,3,1,0,0,1,0,1,1,0
56,4220,2,4000,ESTP,3,1,1,1,0,0,0,0,1
56,4220,2,4000,ESTJ,3,1,1,1,1,0,0,0,0
56,4220,2,4000,ESFP,3,1,1,0,0,0,0,1,1
56,4220,2,4000,ESFJ,3,1,1,0,1,0,0,1,0
56,9063,9,9000,ESTJ,2,1,1,1,1,0,0,0,0
56,9063,9,9000,ESTP,2,1,1,1,0,0,0,0,1
56,9063,9,9000,ISTJ,2,0,1,1,1,1,0,0,0
56,9063,9,9000,ISTP,2,0,1,1,0,1,0,0,1
56,9066,6,9000,ISTJ,0,0,1,1,1,1,0,0,0
56,B010,7,B000,ENFP,3,1,0,0,0,0,1,1,1
56,B010,7,B000,ESTP,3,1,1,1,0,0,0,0,1
56,B010,7,B000,ENTP,3,1,0,1,0,0,1,0,1
56,B010,7,B000,ESFP,3,1,1,0,0,0,0,1,1
56,B010,7,B000,INTP,3,0,0,1,0,1,1,0,1
56,B010,7,B000,INFP,3,0,0,0,0,1,1,1,1
56,B010,7,B000,ISTP,3,0,1,1,0,1,0,0,1
56,B010,7,B000,ISFP,3,0,1,0,0,1,0,1,1
56,E050,7,E000,INFJ,1,0,0,0,1,1,1,1,0
56,E050,7,E000,ENFJ,1,1,0,0,1,0,1,1,0
57,2010,5,2000,ENTJ,1,1,0,1,1,0,1,0,0
57,2010,5,2000,ENFJ,1,1,0,0,1,0,1,1,0
57,3080,7,3000,ISTP,1,0,1,1,0,1,0,0,1
57,3080,7,3000,INTP,1,0,0,1,0,1,1,0,1
57,4220,9,4000,ENTP,3,1,0,1,0,0,1,0,1
57,4220,9,4000,ENTJ,3,1,0,1,1,0,1,0,0
57,4220,9,4000,ENFP,3,1,0,0,0,0,1,1,1
57,4220,9,4000,ENFJ,3,1,0,0,1,0,1,1,0
57,4220,9,4000,ESTP,3,1,1,1,0,0,0,0,1
57,4220,9,4000,ESTJ,3,1,1,1,1,0,0,0,0
57,4220,9,4000,ESFP,3,1,1,0,0,0,0,1,1
57,4220,9,4000,ESFJ,3,1,1,0,1,0,0,1,0
57,6036,14,6000,ESFP,1,1,1,0,0,0,0,1,1
57,6036,14,6000,ENFP,1,1,0,0,0,0,1,1,1
57,D040,7,D000,ESFP,1,1,1,0,0,0,0,1,1
57,D040,7,D000,ESFJ,1,1,1,0,1,0,0,1,0
57,E070,6,E000,INFJ,0,0,0,0,1,1,1,1,0
57,E070,6,E000,ENFJ,0,1,0,0,1,0,1,1,0
58,1070,10,1000,ISTP,2,0,1,1,0,1,0,0,1
58,1070,10,1000,ISFP,2,0,1,0,0,1,0,1,1
58,1070,10,1000,ESTP,2,1,1,1,0,0,0,0,1
58,1070,10,1000,ESFP,2,1,1,0,0,0,0,1,1
58,2013,2,2000,ESTJ,2,1,1,1,1,0,0,0,0
58,2013,2,2000,ESTP,2,1,1,1,0,0,0,0,1
58,2013,2,2000,ESFJ,2,1,1,0,1,0,0,1,0
58,2013,2,2000,ESFP,2,1,1,0,0,0,0,1,1
58,4020,2,4000,ISTJ,2,0,1,1,1,1,0,0,0
58,4020,2,4000,ISFJ,2,0,1,0,1,1,0,1,0
58,4020,2,4000,INTJ,2,0,0,1,1,1,1,0,0
58,4020,2,4000,INFJ,2,0,0,0,1,1,1,1,0
59,2020,9,2000,ESTJ,2,1,1,1,1,0,0,0,0
59,2020,9,2000,ESFJ,2,1,1,0,1,0,0,1,0
59,2020,9,2000,ENTJ,2,1,0,1,1,0,1,0,0
59,2020,9,2000,ENFJ,2,1,0,0,1,0,1,1,0
59,2060,1,2000,ESFP,1,1,1,0,0,0,0,1,1
59,2060,1,2000,ESFJ,1,1,1,0,1,0,0,1,0
59,A080,15,A000,ENFJ,3,1,0,0,1,0,1,1,0
59,A080,15,A000,ENFP,3,1,0,0,0,0,1,1,1
59,A080,15,A000,ENTJ,3,1,0,1,1,0,1,0,0
59,A080,15,A000,ENTP,3,1,0,1,0,0,1,0,1
59,A080,15,A000,INFJ,3,0,0,0,1,1,1,1,0
59,A080,15,A000,INFP,3,0,0,0,0,1,1,1,1
59,A080,15,A000,INTJ,3,0,0,1,1,1,1,0,0
59,A080,15,A000,INTP,3,0,0,1,0,1,1,0,1
59,B060,15,B000,ESFP,1,1,1,0,0,0,0,1,1
59,B060,15,B000,ENFP,1,1,0,0,0,0,1,1,1
59,C060,4,C000,ISTJ,1,0,1,1,1,1,0,0,0
59,C060,4,C000,INTJ,1,0,0,1,1,1,1,0,0
59,D030,15,D000,INTP,2,0,0,1,0,1,1,0,1
59,D030,15,D000,INTJ,2,0,0,1,1,1,1,0,0
59,D030,15,D000,ESTP,2,1,1,1,0,0,0,0,1
59,D030,15,D000,ISTP,2,0,1,1,0,1,0,0,1
59,E050,5,E000,INFJ,1,0,0,0,1,1,1,1,0
59,E050,5,E000,ENFJ,1,1,0,0,1,0,1,1,0
60,2020,13,2000,ESTJ,2,1,1,1,1,0,0,0,0
60,2020,13,2000,ESFJ,2,1,1,0,1,0,0,1,0
60,2020,13,2000,ENTJ,2,1,0,1,1,0,1,0,0
60,2020,13,2000,ENFJ,2,1,0,0,1,0,1,1,0
60,8020,1,8000,ESTJ,2,1,1,1,1,0,0,0,0
60,8020,1,8000,ENTJ,2,1,0,1,1,0,1,0,0
60,8020,1,8000,ISTJ,2,0,1,1,1,1,0,0,0
60,8020,1,8000,INTJ,2,0,0,1,1,1,1,0,0
60,A040,1,A000,ESFP,2,1,1,0,0,0,0,1,1
60,A040,1,A000,ESFJ,2,1,1,0,1,0,0,1,0
60,A040,1,A000,ISFP,2,0,1,0,0,1,0,1,1
60,A040,1,A000,ISFJ,2,0,1,0,1,1,0,1,0
60,A090,6,A000,ENFJ,1,1,0,0,1,0,1,1,0
60,A090,6,A000,INFJ,1,0,0,0,1,1,1,1,0
60,C010,13,C000,ENFP,0,1,0,0,0,0,1,1,1
60,C035,6,C000,ISTP,2,0,1,1,0,1,0,0,1
60,C035,6,C000,ISFP,2,0,1,0,0,1,0,1,1
60,C035,6,C000,ESTP,2,1,1,1,0,0,0,0,1
60,C035,6,C000,ESFP,2,1,1,0,0,0,0,1,1
60,E010,11,E000,ESTP,3,1,1,1,0,0,0,0,1
60,E010,11,E000,ESFP,3,1,1,0,0,0,0,1,1
60,E010,11,E000,ENTP,3,1,0,1,0,0,1,0,1
60,E010,11,E000,ENFP,3,1,0,0,0,0,1,1,1
60,E010,11,E000,ISTP,3,0,1,1,0,1,0,0,1
60,E010,11,E000,ISFP,3,0,1,0,0,1,0,1,1
60,E010,11,E000,INTP,3,0,0,1,0,1,1,0,1
60,E010,11,E000,INFP,3,0,0,0,0,1,1,1,1
61,4130,14,4000,ISTJ,2,0,1,1,1,1,0,0,0
61,4130,14,4000,ISFJ,2,0,1,0,1,1,0,1,0
61,4130,14,4000,INTJ,2,0,0,1,1,1,1,0,0
61,4130,14,4000,INFJ,2,0,0,0,1,1,1,1,0
62,3050,2,3000,ISTJ,1,0,1,1,1,1,0,0,0
62,3050,2,3000,INTJ,1,0,0,1,1,1,1,0,0
62,4020,13,4000,ISTJ,2,0,1,1,1,1,0,0,0
62,4020,13,4000,ISFJ,2,0,1,0,1,1,0,1,0
62,4020,13,4000,INTJ,2,0,0,1,1,1,1,0,0
62,4020,13,4000,INFJ,2,0,0,0,1,1,1,1,0
62,4180,1,4000,ENFJ,1,1,0,0,1,0,1,1,0
62,4180,1,4000,INFJ,1,0,0,0,1,1,1,1,0
62,9016,9,9000,ESFP,1,1,1,0,0,0,0,1,1
62,9016,9,9000,ENFP,1,1,0,0,0,0,1,1,1
62,A050,5,A000,ESFP,1,1,1,0,0,0,0,1,1
62,A050,5,A000,ENFP,1,1,0,0,0,0,1,1,1
62,D060,4,D000,ESTP,1,1,1,1,0,0,0,0,1
62,D060,4,D000,ISTP,1,0,1,1,0,1,0,0,1
62,E000,13,E000,INFJ,1,0,0,0,1,1,1,1,0
62,E000,13,E000,ENFJ,1,1,0,0,1,0,1,1,0
63,2120,14,2000,ISTJ,2,0,1,1,1,1,0,0,0
63,2120,14,2000,ISFJ,2,0,1,0,1,1,0,1,0
63,2120,14,2000,INTJ,2,0,0,1,1,1,1,0,0
63,2120,14,2000,INFJ,2,0,0,0,1,1,1,1,0
63,4010,10,4000,ENFJ,2,1,0,0,1,0,1,1,0
63,4010,10,4000,ENFP,2,1,0,0,0,0,1,1,1
63,4010,10,4000,ESFJ,2,1,1,0,1,0,0,1,0
63,4010,10,4000,ESFP,2,1,1,0,0,0,0,1,1
63,6010,3,6000,ESTJ,1,1,1,1,1,0,0,0,0
63,6010,3,6000,ISTJ,1,0,1,1,1,1,0,0,0
63,6020,2,6000,ESFP,1,1,1,0,0,0,0,1,1
63,6020,2,6000,ESFJ,1,1,1,0,1,0,0,1,0
63,7050,10,7000,ENFJ,2,1,0,0,1,0,1,1,0
63,7050,10,7000,ENFP,2,1,0,0,0,0,1,1,1
63,7050,10,7000,ESFJ,2,1,1,0,1,0,0,1,0
63,7050,10,7000,ESFP,2,1,1,0,0,0,0,1,1
63,8050,14,8000,ESTJ,2,1,1,1,1,0,0,0,0
63,8050,14,8000,ENTJ,2,1,0,1,1,0,1,0,0
63,8050,14,8000,ISTJ,2,0,1,1,1,1,0,0,0
63,8050,14,8000,INTJ,2,0,0,1,1,1,1,0,0
63,A010,6,A000,ENFJ,1,1,0,0,1,0,1,1,0
63,A010,6,A000,INFJ,1,0,0,0,1,1,1,1,0
63,B010,2,B000,ENFP,3,1,0,0,0,0,1,1,1
63,B010,2,B000,ESTP,3,1,1,1,0,0,0,0,1
63,B010,2,B000,ENTP,3,1,0,1,0,0,1,0,1
63,B010,2,B000,ESFP,3,1,1,0,0,0,0,1,1
63,B010,2,B000,INTP,3,0,0,1,0,1,1,0,1
63,B010,2,B000,INFP,3,0,0,0,0,1,1,1,1
63,B010,2,B000,ISTP,3,0,1,1,0,1,0,0,1
63,B010,2,B000,ISFP,3,0,1,0,0,1,0,1,1
63,D060,7,D000,ESTP,1,1,1,1,0,0,0,0,1
63,D060,7,D000,ISTP,1,0,1,1,0,1,0,0,1
63,E070,11,E000,INFJ,0,0,0,0,1,1,1,1,0
63,E070,11,E000,ENFJ,0,1,0,0,1,0,1,1,0
64,3080,10,3000,ISTP,1,0,1,1,0,1,0,0,1
64,3080,10,3000,INTP,1,0,0,1,0,1,1,0,1
64,4020,9,4000,ISTJ,2,0,1,1,1,1,0,0,0
64,4020,9,4000,ISFJ,2,0,1,0,1,1,0,1,0
64,4020,9,4000,INTJ,2,0,0,1,1,1,1,0,0
64,4020,9,4000,INFJ,2,0,0,0,1,1,1,1,0
64,4135,2,4000,ISFP,1,0,1,0,0,1,0,1,1
64,4135,2,4000,ESFP,1,1,1,0,0,0,0,1,1
64,A090,4,A000,ENFJ,1,1,0,0,1,0,1,1,0
64,A090,4,A000,INFJ,1,0,0,0,1,1,1,1,0
64,A990,2,A000,ENFJ,1,1,0,0,1,0,1,1,0
64,A990,2,A000,INFJ,1,0,0,0,1,1,1,1,0
64,D030,4,D000,INTP,2,0,0,1,0,1,1,0,1
64,D030,4,D000,INTJ,2,0,0,1,1,1,1,0,0
64,D030,4,D000,ESTP,2,1,1,1,0,0,0,0,1
64,D030,4,D000,ISTP,2,0,1,1,0,1,0,0,1
65,2080,8,2000,INTJ,3,0,0,1,1,1,1,0,0
65,2080,8,2000,INTP,3,0,0,1,0,1,1,0,1
65,2080,8,2000,INFJ,3,0,0,0,1,1,1,1,0
65,2080,8,2000,INFP,3,0,0,0,0,1,1,1,1
65,2080,8,2000,ENTJ,3,1,0,1,1,0,1,0,0
65,2080,8,2000,ENTP,3,1,0,1,0,0,1,0,1
65,2080,8,2000,ENFJ,3,1,0,0,1,0,1,1,0
65,2080,8,2000,ENFP,3,1,0,0,0,0,1,1,1
65,2120,14,2000,ISTJ,2,0,1,1,1,1,0,0,0
65,2120,14,2000,ISFJ,2,0,1,0,1,1,0,1,0
65,2120,14,2000,INTJ,2,0,0,1,1,1,1,0,0
65,2120,14,2000,INFJ,2,0,0,0,1,1,1,1,0
65,6036,15,6000,ESFP,1,1,1,0,0,0,0,1,1
65,6036,15,6000,ENFP,1,1,0,0,0,0,1,1,1
65,A036,11,A000,ESFP,2,1,1,0,0,0,0,1,1
65,A036,11,A000,ESFJ,2,1,1,0,1,0,0,1,0
65,A036,11,A000,ISFP,2,0,1,0,0,1,0,1,1
65,A036,11,A000,ISFJ,2,0,1,0,1,1,0,1,0
66,1030,5,1000,ISTP,3,0,1,1,0,1,0,0,1
66,1030,5,1000,ISTJ,3,0,1,1,1,1,0,0,0
66,1030,5,1000,ISFP,3,0,1,0,0,1,0,1,1
66,1030,5,1000,ISFJ,3,0,1,0,1,1,0,1,0
66,1030,5,1000,ESTP,3,1,1,1,0,0,0,0,1
66,1030,5,1000,ESTJ,3,1,1,1,1,0,0,0,0
66,1030,5,1000,ESFP,3,1,1,0,0,0,0,1,1
66,1030,5,1000,ESFJ,3,1,1,0,1,0,0,1,0
66,1070,12,1000,ISTP,2,0,1,1,0,1,0,0,1
66,1070,12,1000,ISFP,2,0,1,0,0,1,0,1,1
66,1070,12,1000,ESTP,2,1,1,1,0,0,0,0,1
66,1070,12,1000,ESFP,2,1,1,0,0,0,0,1,1
66,2090,5,2000,ISTJ,2,0,1,1,1,1,0,0,0
66,2090,5,2000,ISFJ,2,0,1,0,1,1,0,1,0
66,2090,5,2000,INTJ,2,0,0,1,1,1,1,0,0
66,2090,5,2000,INFJ,2,0,0,0,1,1,1,1,0
66,6060,10,6000,ISTJ,1,0,1,1,1,1,0,0,0
66,6060,10,6000,INTJ,1,0,0,1,1,1,1,0,0
66,7050,1,7000,ENFJ,2,1,0,0,1,0,1,1,0
66,7050,1,7000,ENFP,2,1,0,0,0,0,1,1,1
66,7050,1,7000,ESFJ,2,1,1,0,1,0,0,1,0
66,7050,1,7000,ESFP,2,1,1,0,0,0,0,1,1
66,8095,15,8000,ESTP,2,1,1,1,0,0,0,0,1
66,8095,15,8000,ESTJ,2,1,1,1,1,0,0,0,0
66,8095,15,8000,ISTP,2,0,1,1,0,1,0,0,1
66,8095,15,8000,ISTJ,2,0,1,1,1,1,0,0,0
66,E070,2,E000,INFJ,0,0,0,0,1,1,1,1,0
66,E070,2,E000,ENFJ,0,1,0,0,1,0,1,1,0
67,2110,5,2000,ESTP,1,1,1,1,0,0,0,0,1
67,2110,5,2000,ESFP,1,1,1,0,0,0,0,1,1
67,2120,15,2000,ISTJ,2,0,1,1,1,1,0,0,0
67,2120,15,2000,ISFJ,2,0,1,0,1,1,0,1,0
67,2120,15,2000,INTJ,2,0,0,1,1,1,1,0,0
67,2120,15,2000,INFJ,2,0,0,0,1,1,1,1,0
67,7040,3,7000,ESTJ,2,1,1,1,1,0,0,0,0
67,7040,3,7000,ENTJ,2,1,0,1,1,0,1,0,0
67,7040,3,7000,ISTJ,2,0,1,1,1,1,0,0,0
67,7040,3,7000,INTJ,2,0,0,1,1,1,1,0,0
67,8020,7,8000,ESTJ,2,1,1,1,1,0,0,0,0
67,8020,7,8000,ENTJ,2,1,0,1,1,0,1,0,0
67,8020,7,8000,ISTJ,2,0,1,1,1,1,0,0,0
67,8020,7,8000,INTJ,2,0,0,1,1,1,1,0,0
67,A990,5,A000,ENFJ,1,1,0,0,1,0,1,1,0
67,A990,5,A000,INFJ,1,0,0,0,1,1,1,1,0
67,B020,5,B000,ENTP,2,1,0,1,0,0,1,0,1
67,B020,5,B000,ENFP,2,1,0,0,0,0,1,1,1
67,B020,5,B000,INTP,2,0,0,1,0,1,1,0,1
67,B020,5,B000,INFP,2,0,0,0,0,1,1,1,1
68,1050,9,1000,ISTP,4,0,1,1,0,1,0,0,1
68,1050,9,1000,ISTJ,4,0,1,1,1,1,0,0,0
68,1050,9,1000,ISFP,4,0,1,0,0,1,0,1,1
68,1050,9,1000,ISFJ,4,0,1,0,1,1,0,1,0
68,1050,9,1000,INTP,4,0,0,1,0,1,1,0,1
68,1050,9,1000,INTJ,4,0,0,1,1,1,1,0,0
68,1050,9,1000,INFP,4,0,0,0,0,1,1,1,1
68,1050,9,1000,INFJ,4,0,0,0,1,1,1,1,0
68,1050,9,1000,ESTP,4,1,1,1,0,0,0,0,1
68,1050,9,1000,ESTJ,4,1,1,1,1,0,0,0,0
68,1050,9,1000,ESFP,4,1,1,0,0,0,0,1,1
68,1050,9,1000,ESFJ,4,1,1,0,1,0,0,1,0
68,1050,9,1000,ENTP,4,1,0,1,0,0,1,0,1
68,1050,9,1000,ENTJ,4,1,0,1,1,0,1,0,0
68,1050,9,1000,ENFP,4,1,0,0,0,0,1,1,1
68,1050,9,1000,ENFJ,4,1,0,0,1,0,1,1,0
68,2020,15,2000,ESTJ,2,1,1,1,1,0,0,0,0
68,2020,15,2000,ESFJ,2,1,1,0,1,0,0,1,0
68,2020,15,2000,ENTJ,2,1,0,1,1,0,1,0,0
68,2020,15,2000,ENFJ,2,1,0,0,1,0,1,1,0
68,2060,12,2000,ESFP,1,1,1,0,0,0,0,1,1
68,2060,12,2000,ESFJ,1,1,1,0,1,0,0,1,0
68,3110,13,3000,ISTJ,2,0,1,1,1,1,0,0,0
68,3110,13,3000,ISFJ,2,0,1,0,1,1,0,1,0
68,3110,13,3000,INTJ,2,0,0,1,1,1,1,0,0
68,3110,13,3000,INFJ,2,0,0,0,1,1,1,1,0
68,3130,13,3000,ISTP,2,0,1,1,0,1,0,0,1
68,3130,13,3000,ISFP,2,0,1,0,0,1,0,1,1
68,3130,13,3000,INTP,2,0,0,1,0,1,1,0,1
68,3130,13,3000,INFP,2,0,0,0,0,1,1,1,1
68,4200,3,4000,ESFP,0,1,1,0,0,0,0,1,1
68,C990,6,C000,ENTP,2,1,0,1,0,0,1,0,1
68,C990,6,C000,ENFP,2,1,0,0,0,0,1,1,1
68,C990,6,C000,INTP,2,0,0,1,0,1,1,0,1
68,C990,6,C000,INFP,2,0,0,0,0,1,1,1,1
68,D010,9,D000,ESTJ,2,1,1,1,1,0,0,0,0
68,D010,9,D000,ENTJ,2,1,0,1,1,0,1,0,0
68,D010,9,D000,ISTJ,2,0,1,1,1,1,0,0,0
68,D010,9,D000,INTJ,2,0,0,1,1,1,1,0,0
69,8065,15,8000,ESTP,2,1,1,1,0,0,0,0,1
69,8065,15,8000,ESTJ,2,1,1,1,1,0,0,0,0
69,8065,15,8000,ISTP,2,0,1,1,0,1,0,0,1
69,8065,15,8000,ISTJ,2,0,1,1,1,1,0,0,0
69,B990,6,B000,ENTP,1,1,0,1,0,0,1,0,1
69,B990,6,B000,INTP,1,0,0,1,0,1,1,0,1
69,D060,6,D000,ESTP,1,1,1,1,0,0,0,0,1
69,D060,6,D000,ISTP,1,0,1,1,0,1,0,0,1
69,E010,11,E000,ESTP,3,1,1,1,0,0,0,0,1
69,E010,11,E000,ESFP,3,1,1,0,0,0,0,1,1
69,E010,11,E000,ENTP,3,1,0,1,0,0,1,0,1
69,E010,11,E000,ENFP,3,1,0,0,0,0,1,1,1
69,E010,11,E000,ISTP,3,0,1,1,0,1,0,0,1
69,E010,11,E000,ISFP,3,0,1,0,0,1,0,1,1
69,E010,11,E000,INTP,3,0,0,1,0,1,1,0,1
69,E010,11,E000,INFP,3,0,0,0,0,1,1,1,1
70,1080,1,1000,ISTJ,2,0,1,1,1,1,0,0,0
70,1080,1,1000,ISFJ,2,0,1,0,1,1,0,1,0
70,1080,1,1000,ESTJ,2,1,1,1,1,0,0,0,0
70,1080,1,1000,ESFJ,2,1,1,0,1,0,0,1,0
70,2013,6,2000,ESTJ,2,1,1,1,1,0,0,0,0
70,2013,6,2000,ESTP,2,1,1,1,0,0,0,0,1
70,2013,6,2000,ESFJ,2,1,1,0,1,0,0,1,0
70,2013,6,2000,ESFP,2,1,1,0,0,0,0,1,1
70,4010,11,4000,ENFJ,2,1,0,0,1,0,1,1,0
70,4010,11,4000,ENFP,2,1,0,0,0,0,1,1,1
70,4010,11,4000,ESFJ,2,1,1,0,1,0,0,1,0
70,4010,11,4000,ESFP,2,1,1,0,0,0,0,1,1
70,4060,8,4000,ENTP,1,1,0,1,0,0,1,0,1
70,4060,8,4000,INTP,1,0,0,1,0,1,1,0,1
70,A040,13,A000,ESFP,2,1,1,0,0,0,0,1,1
70,A040,13,A000,ESFJ,2,1,1,0,1,0,0,1,0
70,A040,13,A000,ISFP,2,0,1,0,0,1,0,1,1
70,A040,13,A000,ISFJ,2,0,1,0,1,1,0,1,0
70,A090,6,A000,ENFJ,1,1,0,0,1,0,1,1,0
70,A090,6,A000,INFJ,1,0,0,0,1,1,1,1,0
70,B040,3,B000,ENTP,2,1,0,1,0,0,1,0,1
70,B040,3,B000,ESTP,2,1,1,1,0,0,0,0,1
70,B040,3,B000,INTP,2,0,0,1,0,1,1,0,1
70,B040,3,B000,ISTP,2,0,1,1,0,1,0,0,1
70,D020,13,D000,ENTP,3,1,0,1,0,0,1,0,1
70,D020,13,D000,ENTJ,3,1,0,1,1,0,1,0,0
70,D020,13,D000,INTP,3,0,0,1,0,1,1,0,1
70,D020,13,D000,INTJ,3,0,0,1,1,1,1,0,0
70,D020,13,D000,ESTP,3,1,1,1,0,0,0,0,1
70,D020,13,D000,ESTJ,3,1,1,1,1,0,0,0,0
70,D020,13,D000,ISTP,3,0,1,1,0,1,0,0,1
70,D020,13,#REF!,ISTJ,3,0,1,1,1,1,0,0,0
71,1120,2,1000,ISTJ,2,0,1,1,1,1,0,0,0
71,1120,2,1000,ISFJ,2,0,1,0,1,1,0,1,0
71,1120,2,1000,ESTJ,2,1,1,1,1,0,0,0,0
71,1120,2,1000,ESFJ,2,1,1,0,1,0,0,1,0
71,C990,4,C000,ENTP,2,1,0,1,0,0,1,0,1
71,C990,4,C000,ENFP,2,1,0,0,0,0,1,1,1
71,C990,4,C000,INTP,2,0,0,1,0,1,1,0,1
71,C990,4,C000,INFP,2,0,0,0,0,1,1,1,1
72,4050,14,4000,ISTP,1,0,1,1,0,1,0,0,1
72,4050,14,4000,ISFP,1,0,1,0,0,1,0,1,1
72,4140,5,4000,ISFP,1,0,1,0,0,1,0,1,1
72,4140,5,4000,ESFP,1,1,1,0,0,0,0,1,1
72,4200,1,4000,ESFP,0,1,1,0,0,0,0,1,1
72,9070,8,9000,ESTJ,2,1,1,1,1,0,0,0,0
72,9070,8,9000,ESFJ,2,1,1,0,1,0,0,1,0
72,9070,8,9000,ISTJ,2,0,1,1,1,1,0,0,0
72,9070,8,9000,ISFJ,2,0,1,0,1,1,0,1,0
73,1040,6,1000,ISTP,4,0,1,1,0,1,0,0,1
73,1040,6,1000,ISTJ,4,0,1,1,1,1,0,0,0
73,1040,6,1000,ISFP,4,0,1,0,0,1,0,1,1
73,1040,6,1000,ISFJ,4,0,1,0,1,1,0,1,0
73,1040,6,1000,INTP,4,0,0,1,0,1,1,0,1
73,1040,6,1000,INTJ,4,0,0,1,1,1,1,0,0
73,1040,6,1000,INFP,4,0,0,0,0,1,1,1,1
73,1040,6,1000,INFJ,4,0,0,0,1,1,1,1,0
73,1040,6,1000,ESTP,4,1,1,1,0,0,0,0,1
73,1040,6,1000,ESTJ,4,1,1,1,1,0,0,0,0
73,1040,6,1000,ESFP,4,1,1,0,0,0,0,1,1
73,1040,6,1000,ESFJ,4,1,1,0,1,0,0,1,0
73,1040,6,1000,ENTP,4,1,0,1,0,0,1,0,1
73,1040,6,1000,ENTJ,4,1,0,1,1,0,1,0,0
73,1040,6,1000,ENFP,4,1,0,0,0,0,1,1,1
73,1040,6,1000,ENFJ,4,1,0,0,1,0,1,1,0
73,3040,9,3000,ENFP,0,1,0,0,0,0,1,1,1
73,3050,11,3000,ISTJ,1,0,1,1,1,1,0,0,0
73,3050,11,3000,INTJ,1,0,0,1,1,1,1,0,0
73,4040,10,4000,ESTJ,2,1,1,1,1,0,0,0,0
73,4040,10,4000,ENTJ,2,1,0,1,1,0,1,0,0
73,4040,10,4000,ISTJ,2,0,1,1,1,1,0,0,0
73,4040,10,4000,INTJ,2,0,0,1,1,1,1,0,0
73,4180,7,4000,ENFJ,1,1,0,0,1,0,1,1,0
73,4180,7,4000,INFJ,1,0,0,0,1,1,1,1,0
73,6020,15,6000,ESFP,1,1,1,0,0,0,0,1,1
73,6020,15,6000,ESFJ,1,1,1,0,1,0,0,1,0
73,7040,1,7000,ESTJ,2,1,1,1,1,0,0,0,0
73,7040,1,7000,ENTJ,2,1,0,1,1,0,1,0,0
73,7040,1,7000,ISTJ,2,0,1,1,1,1,0,0,0
73,7040,1,7000,INTJ,2,0,0,1,1,1,1,0,0
73,8110,5,8000,ESTJ,2,1,1,1,1,0,0,0,0
73,8110,5,8000,ENTJ,2,1,0,1,1,0,1,0,0
73,8110,5,8000,ISTJ,2,0,1,1,1,1,0,0,0
73,8110,5,8000,INTJ,2,0,0,1,1,1,1,0,0
73,9063,6,9000,ESTJ,2,1,1,1,1,0,0,0,0
73,9063,6,9000,ESTP,2,1,1,1,0,0,0,0,1
73,9063,6,9000,ISTJ,2,0,1,1,1,1,0,0,0
73,9063,6,9000,ISTP,2,0,1,1,0,1,0,0,1
74,1090,13,1000,ESTP,1,1,1,1,0,0,0,0,1
74,1090,13,1000,ESFP,1,1,1,0,0,0,0,1,1
74,2070,12,2000,ESTP,2,1,1,1,0,0,0,0,1
74,2070,12,2000,ESFP,2,1,1,0,0,0,0,1,1
74,2070,12,2000,ENTP,2,1,0,1,0,0,1,0,1
74,2070,12,2000,ENFP,2,1,0,0,0,0,1,1,1
74,4040,7,4000,ESTJ,2,1,1,1,1,0,0,0,0
74,4040,7,4000,ENTJ,2,1,0,1,1,0,1,0,0
74,4040,7,4000,ISTJ,2,0,1,1,1,1,0,0,0
74,4040,7,4000,INTJ,2,0,0,1,1,1,1,0,0
74,6070,4,6000,ESFJ,2,1,1,0,1,0,0,1,0
74,6070,4,6000,ESTJ,2,1,1,1,1,0,0,0,0
74,6070,4,6000,ISFJ,2,0,1,0,1,1,0,1,0
74,6070,4,6000,ISTJ,2,0,1,1,1,1,0,0,0
74,9010,5,9000,ISTJ,2,0,1,1,1,1,0,0,0
74,9010,5,9000,ISFJ,2,0,1,0,1,1,0,1,0
74,9010,5,9000,INTJ,2,0,0,1,1,1,1,0,0
74,9010,5,9000,INFJ,2,0,0,0,1,1,1,1,0
74,A050,8,A000,ESFP,1,1,1,0,0,0,0,1,1
74,A050,8,A000,ENFP,1,1,0,0,0,0,1,1,1
74,E020,1,E000,ESFP,1,1,1,0,0,0,0,1,1
74,E020,1,E000,ESFJ,1,1,1,0,1,0,0,1,0
74,E070,1,E000,INFJ,0,0,0,0,1,1,1,1,0
74,E070,1,E000,ENFJ,0,1,0,0,1,0,1,1,0
75,1110,6,1000,ESTP,3,1,1,1,0,0,0,0,1
75,1110,6,1000,ESFP,3,1,1,0,0,0,0,1,1
75,1110,6,1000,ISTP,3,0,1,1,0,1,0,0,1
75,1110,6,1000,ISFP,3,0,1,0,0,1,0,1,1
75,1110,6,1000,ISTJ,3,0,1,1,1,1,0,0,0
75,1110,6,1000,ISFJ,3,0,1,0,1,1,0,1,0
75,1110,6,1000,ESTJ,3,1,1,1,1,0,0,0,0
75,1110,6,1000,ESFJ,3,1,1,0,1,0,0,1,0
75,4040,15,4000,ESTJ,2,1,1,1,1,0,0,0,0
75,4040,15,4000,ENTJ,2,1,0,1,1,0,1,0,0
75,4040,15,4000,ISTJ,2,0,1,1,1,1,0,0,0
75,4040,15,4000,INTJ,2,0,0,1,1,1,1,0,0
75,4130,13,4000,ISTJ,2,0,1,1,1,1,0,0,0
75,4130,13,4000,ISFJ,2,0,1,0,1,1,0,1,0
75,4130,13,4000,INTJ,2,0,0,1,1,1,1,0,0
75,4130,13,4000,INFJ,2,0,0,0,1,1,1,1,0
75,6020,6,6000,ESFP,1,1,1,0,0,0,0,1,1
75,6020,6,6000,ESFJ,1,1,1,0,1,0,0,1,0
75,6060,13,6000,ISTJ,1,0,1,1,1,1,0,0,0
75,6060,13,6000,INTJ,1,0,0,1,1,1,1,0,0
75,6070,11,6000,ESFJ,2,1,1,0,1,0,0,1,0
75,6070,11,6000,ESTJ,2,1,1,1,1,0,0,0,0
75,6070,11,6000,ISFJ,2,0,1,0,1,1,0,1,0
75,6070,11,6000,ISTJ,2,0,1,1,1,1,0,0,0
75,7020,6,7000,ESFJ,2,1,1,0,1,0,0,1,0
75,7020,6,7000,ESTJ,2,1,1,1,1,0,0,0,0
75,7020,6,7000,ISFJ,2,0,1,0,1,1,0,1,0
75,7020,6,7000,ISTJ,2,0,1,1,1,1,0,0,0
75,A033,7,A000,ESFP,2,1,1,0,0,0,0,1,1
75,A033,7,A000,ESFJ,2,1,1,0,1,0,0,1,0
75,A033,7,A000,ISFP,2,0,1,0,0,1,0,1,1
75,A033,7,A000,ISFJ,2,0,1,0,1,1,0,1,0
76,4050,7,4000,ISTP,1,0,1,1,0,1,0,0,1
76,4050,7,4000,ISFP,1,0,1,0,0,1,0,1,1
76,4060,4,4000,ENTP,1,1,0,1,0,0,1,0,1
76,4060,4,4000,INTP,1,0,0,1,0,1,1,0,1
76,4100,12,4000,ESTP,3,1,1,1,0,0,0,0,1
76,4100,12,4000,ESTJ,3,1,1,1,1,0,0,0,0
76,4100,12,4000,ENTP,3,1,0,1,0,0,1,0,1
76,4100,12,4000,ENTJ,3,1,0,1,1,0,1,0,0
76,4100,12,4000,ISTP,3,0,1,1,0,1,0,0,1
76,4100,12,4000,ISTJ,3,0,1,1,1,1,0,0,0
76,4100,12,4000,INTP,3,0,0,1,0,1,1,0,1
76,4100,12,4000,INTJ,3,0,0,1,1,1,1,0,0
76,8100,13,8000,ENTP,2,1,0,1,0,0,1,0,1
76,8100,13,8000,ENTJ,2,1,0,1,1,0,1,0,0
76,8100,13,8000,INTP,2,0,0,1,0,1,1,0,1
76,8100,13,8000,INTJ,2,0,0,1,1,1,1,0,0
76,B990,4,B000,ENTP,1,1,0,1,0,0,1,0,1
76,B990,4,B000,INTP,1,0,0,1,0,1,1,0,1
76,E010,10,E000,ESTP,3,1,1,1,0,0,0,0,1
76,E010,10,E000,ESFP,3,1,1,0,0,0,0,1,1
76,E010,10,E000,ENTP,3,1,0,1,0,0,1,0,1
76,E010,10,E000,ENFP,3,1,0,0,0,0,1,1,1
76,E010,10,E000,ISTP,3,0,1,1,0,1,0,0,1
76,E010,10,E000,ISFP,3,0,1,0,0,1,0,1,1
76,E010,10,E000,INTP,3,0,0,1,0,1,1,0,1
76,E010,10,E000,INFP,3,0,0,0,0,1,1,1,1
77,2020,13,2000,ESTJ,2,1,1,1,1,0,0,0,0
77,2020,13,2000,ESFJ,2,1,1,0,1,0,0,1,0
77,2020,13,2000,ENTJ,2,1,0,1,1,0,1,0,0
77,2020,13,2000,ENFJ,2,1,0,0,1,0,1,1,0
77,6036,15,6000,ESFP,1,1,1,0,0,0,0,1,1
77,6036,15,6000,ENFP,1,1,0,0,0,0,1,1,1
77,9016,8,9000,ESFP,1,1,1,0,0,0,0,1,1
77,9016,8,9000,ENFP,1,1,0,0,0,0,1,1,1
77,C020,1,C000,ESTP,3,1,1,1,0,0,0,0,1
77,C020,1,C000,ESFP,3,1,1,0,0,0,0,1,1
77,C020,1,C000,ENTP,3,1,0,1,0,0,1,0,1
77,C020,1,C000,ENFP,3,1,0,0,0,0,1,1,1
77,C020,1,C000,ISTP,3,0,1,1,0,1,0,0,1
77,C020,1,C000,ISFP,3,0,1,0,0,1,0,1,1
77,C020,1,C000,INTP,3,0,0,1,0,1,1,0,1
77,C020,1,C000,INFP,3,0,0,0,0,1,1,1,1
78,2100,12,2000,ISTJ,2,0,1,1,1,1,0,0,0
78,2100,12,2000,ISFJ,2,0,1,0,1,1,0,1,0
78,2100,12,2000,INTJ,2,0,0,1,1,1,1,0,0
78,2100,12,2000,INFJ,2,0,0,0,1,1,1,1,0
78,3010,13,3000,ENFP,0,1,0,0,0,0,1,1,1
78,3170,2,3000,INFP,0,0,0,0,0,1,1,1,1
78,4200,3,4000,ESFP,0,1,1,0,0,0,0,1,1
78,8100,13,8000,ENTP,2,1,0,1,0,0,1,0,1
78,8100,13,8000,ENTJ,2,1,0,1,1,0,1,0,0
78,8100,13,8000,INTP,2,0,0,1,0,1,1,0,1
78,8100,13,8000,INTJ,2,0,0,1,1,1,1,0,0
79,2020,1,2000,ESTJ,2,1,1,1,1,0,0,0,0
79,2020,1,2000,ESFJ,2,1,1,0,1,0,0,1,0
79,2020,1,2000,ENTJ,2,1,0,1,1,0,1,0,0
79,2020,1,2000,ENFJ,2,1,0,0,1,0,1,1,0
80,4149,5,4000,ISFJ,2,0,1,0,1,1,0,1,0
80,4149,5,4000,ISFP,2,0,1,0,0,1,0,1,1
80,4149,5,4000,ESFJ,2,1,1,0,1,0,0,1,0
80,4149,5,4000,ESFP,2,1,1,0,0,0,0,1,1
80,6070,8,6000,ESFJ,2,1,1,0,1,0,0,1,0
80,6070,8,6000,ESTJ,2,1,1,1,1,0,0,0,0
80,6070,8,6000,ISFJ,2,0,1,0,1,1,0,1,0
80,6070,8,6000,ISTJ,2,0,1,1,1,1,0,0,0
80,A050,7,A000,ESFP,1,1,1,0,0,0,0,1,1
80,A050,7,A000,ENFP,1,1,0,0,0,0,1,1,1
80,A090,1,A000,ENFJ,1,1,0,0,1,0,1,1,0
80,A090,1,A000,INFJ,1,0,0,0,1,1,1,1,0
81,3180,1,3000,ESTP,3,1,1,1,0,0,0,0,1
81,3180,1,3000,ESFP,3,1,1,0,0,0,0,1,1
81,3180,1,3000,ISTP,3,0,1,1,0,1,0,0,1
81,3180,1,3000,ISFP,3,0,1,0,0,1,0,1,1
81,3180,1,3000,ISTJ,3,0,1,1,1,1,0,0,0
81,3180,1,3000,ISFJ,3,0,1,0,1,1,0,1,0
81,3180,1,3000,ESTJ,3,1,1,1,1,0,0,0,0
81,3180,1,3000,ESFJ,3,1,1,0,1,0,0,1,0
81,6033,2,6000,ESFJ,3,1,1,0,1,0,0,1,0
81,6033,2,6000,ESFP,3,1,1,0,0,0,0,1,1
81,6033,2,6000,ENFJ,3,1,0,0,1,0,1,1,0
81,6033,2,6000,ENFP,3,1,0,0,0,0,1,1,1
81,6033,2,6000,ESFJ,3,1,1,0,1,0,0,1,0
81,6033,2,6000,ESFP,3,1,1,0,0,0,0,1,1
81,6033,2,6000,ESTJ,3,1,1,1,1,0,0,0,0
81,6033,2,6000,ISTJ,3,0,1,1,1,1,0,0,0
81,8075,3,8000,ESTP,2,1,1,1,0,0,0,0,1
81,8075,3,8000,ESTJ,2,1,1,1,1,0,0,0,0
81,8075,3,8000,ISTP,2,0,1,1,0,1,0,0,1
81,8075,3,8000,ISTJ,2,0,1,1,1,1,0,0,0
81,8110,15,8000,ESTJ,2,1,1,1,1,0,0,0,0
81,8110,15,8000,ENTJ,2,1,0,1,1,0,1,0,0
81,8110,15,8000,ISTJ,2,0,1,1,1,1,0,0,0
81,8110,15,8000,INTJ,2,0,0,1,1,1,1,0,0
81,9061,13,9000,ENTP,0,1,0,1,0,0,1,0,1
81,A040,15,A000,ESFP,2,1,1,0,0,0,0,1,1
81,A040,15,A000,ESFJ,2,1,1,0,1,0,0,1,0
81,A040,15,A000,ISFP,2,0,1,0,0,1,0,1,1
81,A040,15,A000,ISFJ,2,0,1,0,1,1,0,1,0
81,B060,11,B000,ESFP,1,1,1,0,0,0,0,1,1
81,B060,11,B000,ENFP,1,1,0,0,0,0,1,1,1
81,D040,5,D000,ESFP,1,1,1,0,0,0,0,1,1
81,D040,5,D000,ESFJ,1,1,1,0,1,0,0,1,0
82,2120,14,2000,ISTJ,2,0,1,1,1,1,0,0,0
82,2120,14,2000,ISFJ,2,0,1,0,1,1,0,1,0
82,2120,14,2000,INTJ,2,0,0,1,1,1,1,0,0
82,2120,14,2000,INFJ,2,0,0,0,1,1,1,1,0
82,4135,11,4000,ISFP,1,0,1,0,0,1,0,1,1
82,4135,11,4000,ESFP,1,1,1,0,0,0,0,1,1
82,C060,7,C000,ISTJ,1,0,1,1,1,1,0,0,0
82,C060,7,C000,INTJ,1,0,0,1,1,1,1,0,0
83,3123,3,3000,ESTJ,2,1,1,1,1,0,0,0,0
83,3123,3,3000,ESFJ,2,1,1,0,1,0,0,1,0
83,3123,3,3000,ENTJ,2,1,0,1,1,0,1,0,0
83,3123,3,3000,ENFJ,2,1,0,0,1,0,1,1,0
83,4140,8,4000,ISFP,1,0,1,0,0,1,0,1,1
83,4140,8,4000,ESFP,1,1,1,0,0,0,0,1,1
83,6020,1,6000,ESFP,1,1,1,0,0,0,0,1,1
83,6020,1,6000,ESFJ,1,1,1,0,1,0,0,1,0
84,2070,2,2000,ESTP,2,1,1,1,0,0,0,0,1
84,2070,2,2000,ESFP,2,1,1,0,0,0,0,1,1
84,2070,2,2000,ENTP,2,1,0,1,0,0,1,0,1
84,2070,2,2000,ENFP,2,1,0,0,0,0,1,1,1
84,4135,13,4000,ISFP,1,0,1,0,0,1,0,1,1
84,4135,13,4000,ESFP,1,1,1,0,0,0,0,1,1
84,7020,15,7000,ESFJ,2,1,1,0,1,0,0,1,0
84,7020,15,7000,ESTJ,2,1,1,1,1,0,0,0,0
84,7020,15,7000,ISFJ,2,0,1,0,1,1,0,1,0
84,7020,15,7000,ISTJ,2,0,1,1,1,1,0,0,0
84,A033,8,A000,ESFP,2,1,1,0,0,0,0,1,1
84,A033,8,A000,ESFJ,2,1,1,0,1,0,0,1,0
84,A033,8,A000,ISFP,2,0,1,0,0,1,0,1,1
84,A033,8,A000,ISFJ,2,0,1,0,1,1,0,1,0
84,A040,5,A000,ESFP,2,1,1,0,0,0,0,1,1
84,A040,5,A000,ESFJ,2,1,1,0,1,0,0,1,0
84,A040,5,A000,ISFP,2,0,1,0,0,1,0,1,1
84,A040,5,A000,ISFJ,2,0,1,0,1,1,0,1,0
84,A050,14,A000,ESFP,1,1,1,0,0,0,0,1,1
84,A050,14,A000,ENFP,1,1,0,0,0,0,1,1,1
84,A090,6,A000,ENFJ,1,1,0,0,1,0,1,1,0
84,A090,6,A000,INFJ,1,0,0,0,1,1,1,1,0
84,B020,12,B000,ENTP,2,1,0,1,0,0,1,0,1
84,B020,12,B000,ENFP,2,1,0,0,0,0,1,1,1
84,B020,12,B000,INTP,2,0,0,1,0,1,1,0,1
84,B020,12,B000,INFP,2,0,0,0,0,1,1,1,1
84,D040,11,D000,ESFP,1,1,1,0,0,0,0,1,1
84,D040,11,D000,ESFJ,1,1,1,0,1,0,0,1,0
84,D060,6,D000,ESTP,1,1,1,1,0,0,0,0,1
84,D060,6,D000,ISTP,1,0,1,1,0,1,0,0,1
85,2080,8,2000,INTJ,3,0,0,1,1,1,1,0,0
85,2080,8,2000,INTP,3,0,0,1,0,1,1,0,1
85,2080,8,2000,INFJ,3,0,0,0,1,1,1,1,0
85,2080,8,2000,INFP,3,0,0,0,0,1,1,1,1
85,2080,8,2000,ENTJ,3,1,0,1,1,0,1,0,0
85,2080,8,2000,ENTP,3,1,0,1,0,0,1,0,1
85,2080,8,2000,ENFJ,3,1,0,0,1,0,1,1,0
85,2080,8,2000,ENFP,3,1,0,0,0,0,1,1,1
85,3120,6,3000,ISTP,1,0,1,1,0,1,0,0,1
85,3120,6,3000,INTP,1,0,0,1,0,1,1,0,1
85,3140,6,3000,ESFP,2,1,1,0,0,0,0,1,1
85,3140,6,3000,ESFJ,2,1,1,0,1,0,0,1,0
85,3140,6,3000,ISFP,2,0,1,0,0,1,0,1,1
85,3140,6,3000,ISFJ,2,0,1,0,1,1,0,1,0
85,3180,11,3000,ESTP,3,1,1,1,0,0,0,0,1
85,3180,11,3000,ESFP,3,1,1,0,0,0,0,1,1
85,3180,11,3000,ISTP,3,0,1,1,0,1,0,0,1
85,3180,11,3000,ISFP,3,0,1,0,0,1,0,1,1
85,3180,11,3000,ISTJ,3,0,1,1,1,1,0,0,0
85,3180,11,3000,ISFJ,3,0,1,0,1,1,0,1,0
85,3180,11,3000,ESTJ,3,1,1,1,1,0,0,0,0
85,3180,11,3000,ESFJ,3,1,1,0,1,0,0,1,0
85,4095,11,4000,ISTP,1,0,1,1,0,1,0,0,1
85,4095,11,4000,ESTP,1,1,1,1,0,0,0,0,1
85,4140,1,4000,ISFP,1,0,1,0,0,1,0,1,1
85,4140,1,4000,ESFP,1,1,1,0,0,0,0,1,1
85,6015,15,6000,ISFP,1,0,1,0,0,1,0,1,1
85,6015,15,6000,ISFJ,1,0,1,0,1,1,0,1,0
85,A060,9,A000,ENFJ,1,1,0,0,1,0,1,1,0
85,A060,9,A000,INFJ,1,0,0,0,1,1,1,1,0
85,D040,8,D000,ESFP,1,1,1,0,0,0,0,1,1
85,D040,8,D000,ESFJ,1,1,1,0,1,0,0,1,0
86,2080,12,2000,INTJ,3,0,0,1,1,1,1,0,0
86,2080,12,2000,INTP,3,0,0,1,0,1,1,0,1
86,2080,12,2000,INFJ,3,0,0,0,1,1,1,1,0
86,2080,12,2000,INFP,3,0,0,0,0,1,1,1,1
86,2080,12,2000,ENTJ,3,1,0,1,1,0,1,0,0
86,2080,12,2000,ENTP,3,1,0,1,0,0,1,0,1
86,2080,12,2000,ENFJ,3,1,0,0,1,0,1,1,0
86,2080,12,2000,ENFP,3,1,0,0,0,0,1,1,1
86,4130,9,4000,ISTJ,2,0,1,1,1,1,0,0,0
86,4130,9,4000,ISFJ,2,0,1,0,1,1,0,1,0
86,4130,9,4000,INTJ,2,0,0,1,1,1,1,0,0
86,4130,9,4000,INFJ,2,0,0,0,1,1,1,1,0
87,1060,13,1000,ISTJ,2,0,1,1,1,1,0,0,0
87,1060,13,1000,ISFJ,2,0,1,0,1,1,0,1,0
87,1060,13,1000,ESTJ,2,1,1,1,1,0,0,0,0
87,1060,13,1000,ESFJ,2,1,1,0,1,0,0,1,0
87,1100,4,1000,ENFP,0,1,0,0,0,0,1,1,1
87,4120,1,4000,ESTJ,2,1,1,1,1,0,0,0,0
87,4120,1,4000,ESTP,2,1,1,1,0,0,0,0,1
87,4120,1,4000,ENTJ,2,1,0,1,1,0,1,0,0
87,4120,1,4000,ENTP,2,1,0,1,0,0,1,0,1
87,4180,1,4000,ENFJ,1,1,0,0,1,0,1,1,0
87,4180,1,4000,INFJ,1,0,0,0,1,1,1,1,0
87,4200,7,4000,ESFP,0,1,1,0,0,0,0,1,1
87,6055,12,6000,ISTJ,0,0,1,1,1,1,0,0,0
87,9063,5,9000,ESTJ,2,1,1,1,1,0,0,0,0
87,9063,5,9000,ESTP,2,1,1,1,0,0,0,0,1
87,9063,5,9000,ISTJ,2,0,1,1,1,1,0,0,0
87,9063,5,9000,ISTP,2,0,1,1,0,1,0,0,1
87,A990,7,A000,ENFJ,1,1,0,0,1,0,1,1,0
87,A990,7,A000,INFJ,1,0,0,0,1,1,1,1,0
88,2010,11,2000,ENTJ,1,1,0,1,1,0,1,0,0
88,2010,11,2000,ENFJ,1,1,0,0,1,0,1,1,0
88,2090,12,2000,ISTJ,2,0,1,1,1,1,0,0,0
88,2090,12,2000,ISFJ,2,0,1,0,1,1,0,1,0
88,2090,12,2000,INTJ,2,0,0,1,1,1,1,0,0
88,2090,12,2000,INFJ,2,0,0,0,1,1,1,1,0
88,3070,2,3000,ISTP,1,0,1,1,0,1,0,0,1
88,3070,2,3000,ESTP,1,1,1,1,0,0,0,0,1
88,4030,12,4000,ISTP,2,0,1,1,0,1,0,0,1
88,4030,12,4000,ISFP,2,0,1,0,0,1,0,1,1
88,4030,12,4000,ESTP,2,1,1,1,0,0,0,0,1
88,4030,12,4000,ESFP,2,1,1,0,0,0,0,1,1
88,7040,7,7000,ESTJ,2,1,1,1,1,0,0,0,0
88,7040,7,7000,ENTJ,2,1,0,1,1,0,1,0,0
88,7040,7,7000,ISTJ,2,0,1,1,1,1,0,0,0
88,7040,7,7000,INTJ,2,0,0,1,1,1,1,0,0
88,B020,2,B000,ENTP,2,1,0,1,0,0,1,0,1
88,B020,2,B000,ENFP,2,1,0,0,0,0,1,1,1
88,B020,2,B000,INTP,2,0,0,1,0,1,1,0,1
88,B020,2,B000,INFP,2,0,0,0,0,1,1,1,1
88,C030,4,C000,ISTP,2,0,1,1,0,1,0,0,1
88,C030,4,C000,ISFP,2,0,1,0,0,1,0,1,1
88,C030,4,C000,ESTP,2,1,1,1,0,0,0,0,1
88,C030,4,C000,ESFP,2,1,1,0,0,0,0,1,1
88,C040,13,C000,ESTP,3,1,1,1,0,0,0,0,1
88,C040,13,C000,ESFP,3,1,1,0,0,0,0,1,1
88,C040,13,C000,ENTP,3,1,0,1,0,0,1,0,1
88,C040,13,C000,ENFP,3,1,0,0,0,0,1,1,1
88,C040,13,C000,ISTP,3,0,1,1,0,1,0,0,1
88,C040,13,C000,ISFP,3,0,1,0,0,1,0,1,1
88,C040,13,C000,INTP,3,0,0,1,0,1,1,0,1
88,C040,13,C000,INFP,3,0,0,0,0,1,1,1,1
88,D060,14,D000,ESTP,1,1,1,1,0,0,0,0,1
88,D060,14,D000,ISTP,1,0,1,1,0,1,0,0,1
88,E030,7,E000,ISTJ,2,0,1,1,1,1,0,0,0
88,E030,7,E000,ISFJ,2,0,1,0,1,1,0,1,0
88,E030,7,E000,INTJ,2,0,0,1,1,1,1,0,0
88,E030,7,E000,INFJ,2,0,0,0,1,1,1,1,0
89,1110,4,1000,ESTP,3,1,1,1,0,0,0,0,1
89,1110,4,1000,ESFP,3,1,1,0,0,0,0,1,1
89,1110,4,1000,ISTP,3,0,1,1,0,1,0,0,1
89,1110,4,1000,ISFP,3,0,1,0,0,1,0,1,1
89,1110,4,1000,ISTJ,3,0,1,1,1,1,0,0,0
89,1110,4,1000,ISFJ,3,0,1,0,1,1,0,1,0
89,1110,4,1000,ESTJ,3,1,1,1,1,0,0,0,0
89,1110,4,1000,ESFJ,3,1,1,0,1,0,0,1,0
89,4040,15,4000,ESTJ,2,1,1,1,1,0,0,0,0
89,4040,15,4000,ENTJ,2,1,0,1,1,0,1,0,0
89,4040,15,4000,ISTJ,2,0,1,1,1,1,0,0,0
89,4040,15,4000,INTJ,2,0,0,1,1,1,1,0,0
89,4100,9,4000,ESTP,3,1,1,1,0,0,0,0,1
89,4100,9,4000,ESTJ,3,1,1,1,1,0,0,0,0
89,4100,9,4000,ENTP,3,1,0,1,0,0,1,0,1
89,4100,9,4000,ENTJ,3,1,0,1,1,0,1,0,0
89,4100,9,4000,ISTP,3,0,1,1,0,1,0,0,1
89,4100,9,4000,ISTJ,3,0,1,1,1,1,0,0,0
89,4100,9,4000,INTP,3,0,0,1,0,1,1,0,1
89,4100,9,4000,INTJ,3,0,0,1,1,1,1,0,0
89,7040,14,7000,ESTJ,2,1,1,1,1,0,0,0,0
89,7040,14,7000,ENTJ,2,1,0,1,1,0,1,0,0
89,7040,14,7000,ISTJ,2,0,1,1,1,1,0,0,0
89,7040,14,7000,INTJ,2,0,0,1,1,1,1,0,0
89,9063,12,9000,ESTJ,2,1,1,1,1,0,0,0,0
89,9063,12,9000,ESTP,2,1,1,1,0,0,0,0,1
89,9063,12,9000,ISTJ,2,0,1,1,1,1,0,0,0
89,9063,12,9000,ISTP,2,0,1,1,0,1,0,0,1
89,A010,12,A000,ENFJ,1,1,0,0,1,0,1,1,0
89,A010,12,A000,INFJ,1,0,0,0,1,1,1,1,0
89,E000,6,E000,INFJ,1,0,0,0,1,1,1,1,0
89,E000,6,E000,ENFJ,1,1,0,0,1,0,1,1,0
90,1040,2,1000,ISTP,4,0,1,1,0,1,0,0,1
90,1040,2,1000,ISTJ,4,0,1,1,1,1,0,0,0
90,1040,2,1000,ISFP,4,0,1,0,0,1,0,1,1
90,1040,2,1000,ISFJ,4,0,1,0,1,1,0,1,0
90,1040,2,1000,INTP,4,0,0,1,0,1,1,0,1
90,1040,2,1000,INTJ,4,0,0,1,1,1,1,0,0
90,1040,2,1000,INFP,4,0,0,0,0,1,1,1,1
90,1040,2,1000,INFJ,4,0,0,0,1,1,1,1,0
90,1040,2,1000,ESTP,4,1,1,1,0,0,0,0,1
90,1040,2,1000,ESTJ,4,1,1,1,1,0,0,0,0
90,1040,2,1000,ESFP,4,1,1,0,0,0,0,1,1
90,1040,2,1000,ESFJ,4,1,1,0,1,0,0,1,0
90,1040,2,1000,ENTP,4,1,0,1,0,0,1,0,1
90,1040,2,1000,ENTJ,4,1,0,1,1,0,1,0,0
90,1040,2,1000,ENFP,4,1,0,0,0,0,1,1,1
90,1040,2,1000,ENFJ,4,1,0,0,1,0,1,1,0
90,1070,2,1000,ISTP,2,0,1,1,0,1,0,0,1
90,1070,2,1000,ISFP,2,0,1,0,0,1,0,1,1
90,1070,2,1000,ESTP,2,1,1,1,0,0,0,0,1
90,1070,2,1000,ESFP,2,1,1,0,0,0,0,1,1
90,4100,14,4000,ESTP,3,1,1,1,0,0,0,0,1
90,4100,14,4000,ESTJ,3,1,1,1,1,0,0,0,0
90,4100,14,4000,ENTP,3,1,0,1,0,0,1,0,1
90,4100,14,4000,ENTJ,3,1,0,1,1,0,1,0,0
90,4100,14,4000,ISTP,3,0,1,1,0,1,0,0,1
90,4100,14,4000,ISTJ,3,0,1,1,1,1,0,0,0
90,4100,14,4000,INTP,3,0,0,1,0,1,1,0,1
90,4100,14,4000,INTJ,3,0,0,1,1,1,1,0,0
91,1120,14,1000,ISTJ,2,0,1,1,1,1,0,0,0
91,1120,14,1000,ISFJ,2,0,1,0,1,1,0,1,0
91,1120,14,1000,ESTJ,2,1,1,1,1,0,0,0,0
91,1120,14,1000,ESFJ,2,1,1,0,1,0,0,1,0
91,2100,8,2000,ISTJ,2,0,1,1,1,1,0,0,0
91,2100,8,2000,ISFJ,2,0,1,0,1,1,0,1,0
91,2100,8,2000,INTJ,2,0,0,1,1,1,1,0,0
91,2100,8,2000,INFJ,2,0,0,0,1,1,1,1,0
91,8065,3,8000,ESTP,2,1,1,1,0,0,0,0,1
91,8065,3,8000,ESTJ,2,1,1,1,1,0,0,0,0
91,8065,3,8000,ISTP,2,0,1,1,0,1,0,0,1
91,8065,3,8000,ISTJ,2,0,1,1,1,1,0,0,0
91,9060,7,9000,ISTJ,2,0,1,1,1,1,0,0,0
91,9060,7,9000,ISTP,2,0,1,1,0,1,0,0,1
91,9060,7,9000,ESTJ,2,1,1,1,1,0,0,0,0
91,9060,7,9000,ESTP,2,1,1,1,0,0,0,0,1
91,B990,13,B000,ENTP,1,1,0,1,0,0,1,0,1
91,B990,13,B000,INTP,1,0,0,1,0,1,1,0,1
91,C010,4,C000,ENFP,0,1,0,0,0,0,1,1,1
92,2990,7,2000,ESTJ,2,1,1,1,1,0,0,0,0
92,2990,7,2000,ENTJ,2,1,0,1,1,0,1,0,0
92,2990,7,2000,ISTJ,2,0,1,1,1,1,0,0,0
92,2990,7,2000,INTJ,2,0,0,1,1,1,1,0,0
92,3140,13,3000,ESFP,2,1,1,0,0,0,0,1,1
92,3140,13,3000,ESFJ,2,1,1,0,1,0,0,1,0
92,3140,13,3000,ISFP,2,0,1,0,0,1,0,1,1
92,3140,13,3000,ISFJ,2,0,1,0,1,1,0,1,0
92,4060,6,4000,ENTP,1,1,0,1,0,0,1,0,1
92,4060,6,4000,INTP,1,0,0,1,0,1,1,0,1
92,4200,3,4000,ESFP,0,1,1,0,0,0,0,1,1
92,8040,6,8000,ESTJ,1,1,1,1,1,0,0,0,0
92,8040,6,8000,ISTJ,1,0,1,1,1,1,0,0,0
92,9005,6,9000,ESFP,1,1,1,0,0,0,0,1,1
92,9005,6,9000,ENFP,1,1,0,0,0,0,1,1,1
92,9070,5,9000,ESTJ,2,1,1,1,1,0,0,0,0
92,9070,5,9000,ESFJ,2,1,1,0,1,0,0,1,0
92,9070,5,9000,ISTJ,2,0,1,1,1,1,0,0,0
92,9070,5,9000,ISFJ,2,0,1,0,1,1,0,1,0
92,D070,3,D000,ESTP,2,1,1,1,0,0,0,0,1
92,D070,3,D000,ENTP,2,1,0,1,0,0,1,0,1
92,D070,3,D000,ISTP,2,0,1,1,0,1,0,0,1
92,D070,3,D000,INTP,2,0,0,1,0,1,1,0,1
93,2020,6,2000,ESTJ,2,1,1,1,1,0,0,0,0
93,2020,6,2000,ESFJ,2,1,1,0,1,0,0,1,0
93,2020,6,2000,ENTJ,2,1,0,1,1,0,1,0,0
93,2020,6,2000,ENFJ,2,1,0,0,1,0,1,1,0
93,2030,3,2000,ISTJ,2,0,1,1,1,1,0,0,0
93,2030,3,2000,ISFJ,2,0,1,0,1,1,0,1,0
93,2030,3,2000,INTJ,2,0,0,1,1,1,1,0,0
93,2030,3,2000,INFJ,2,0,0,0,1,1,1,1,0
93,3170,6,3000,INFP,0,0,0,0,0,1,1,1,1
93,7040,15,7000,ESTJ,2,1,1,1,1,0,0,0,0
93,7040,15,7000,ENTJ,2,1,0,1,1,0,1,0,0
93,7040,15,7000,ISTJ,2,0,1,1,1,1,0,0,0
93,7040,15,7000,INTJ,2,0,0,1,1,1,1,0,0
93,7050,15,7000,ENFJ,2,1,0,0,1,0,1,1,0
93,7050,15,7000,ENFP,2,1,0,0,0,0,1,1,1
93,7050,15,7000,ESFJ,2,1,1,0,1,0,0,1,0
93,7050,15,7000,ESFP,2,1,1,0,0,0,0,1,1
93,B020,8,B000,ENTP,2,1,0,1,0,0,1,0,1
93,B020,8,B000,ENFP,2,1,0,0,0,0,1,1,1
93,B020,8,B000,INTP,2,0,0,1,0,1,1,0,1
93,B020,8,B000,INFP,2,0,0,0,0,1,1,1,1
93,D070,8,D000,ESTP,2,1,1,1,0,0,0,0,1
93,D070,8,D000,ENTP,2,1,0,1,0,0,1,0,1
93,D070,8,D000,ISTP,2,0,1,1,0,1,0,0,1
93,D070,8,D000,INTP,2,0,0,1,0,1,1,0,1
94,4180,15,4000,ENFJ,1,1,0,0,1,0,1,1,0
94,4180,15,4000,INFJ,1,0,0,0,1,1,1,1,0
94,4200,10,4000,ESFP,0,1,1,0,0,0,0,1,1
94,4220,12,4000,ENTP,3,1,0,1,0,0,1,0,1
94,4220,12,4000,ENTJ,3,1,0,1,1,0,1,0,0
94,4220,12,4000,ENFP,3,1,0,0,0,0,1,1,1
94,4220,12,4000,ENFJ,3,1,0,0,1,0,1,1,0
94,4220,12,4000,ESTP,3,1,1,1,0,0,0,0,1
94,4220,12,4000,ESTJ,3,1,1,1,1,0,0,0,0
94,4220,12,4000,ESFP,3,1,1,0,0,0,0,1,1
94,4220,12,4000,ESFJ,3,1,1,0,1,0,0,1,0
94,8040,5,8000,ESTJ,1,1,1,1,1,0,0,0,0
94,8040,5,8000,ISTJ,1,0,1,1,1,1,0,0,0
94,B010,15,B000,ENFP,3,1,0,0,0,0,1,1,1
94,B010,15,B000,ESTP,3,1,1,1,0,0,0,0,1
94,B010,15,B000,ENTP,3,1,0,1,0,0,1,0,1
94,B010,15,B000,ESFP,3,1,1,0,0,0,0,1,1
94,B010,15,B000,INTP,3,0,0,1,0,1,1,0,1
94,B010,15,B000,INFP,3,0,0,0,0,1,1,1,1
94,B010,15,B000,ISTP,3,0,1,1,0,1,0,0,1
94,B010,15,B000,ISFP,3,0,1,0,0,1,0,1,1
94,E000,11,E000,INFJ,1,0,0,0,1,1,1,1,0
94,E000,11,E000,ENFJ,1,1,0,0,1,0,1,1,0
95,1010,5,1000,ISFP,1,0,1,0,0,1,0,1,1
95,1010,5,1000,ESFP,1,1,1,0,0,0,0,1,1
95,2080,1,2000,INTJ,3,0,0,1,1,1,1,0,0
95,2080,1,2000,INTP,3,0,0,1,0,1,1,0,1
95,2080,1,2000,INFJ,3,0,0,0,1,1,1,1,0
95,2080,1,2000,INFP,3,0,0,0,0,1,1,1,1
95,2080,1,2000,ENTJ,3,1,0,1,1,0,1,0,0
95,2080,1,2000,ENTP,3,1,0,1,0,0,1,0,1
95,2080,1,2000,ENFJ,3,1,0,0,1,0,1,1,0
95,2080,1,2000,ENFP,3,1,0,0,0,0,1,1,1
95,3070,15,3000,ISTP,1,0,1,1,0,1,0,0,1
95,3070,15,3000,ESTP,1,1,1,1,0,0,0,0,1
95,3140,14,3000,ESFP,2,1,1,0,0,0,0,1,1
95,3140,14,3000,ESFJ,2,1,1,0,1,0,0,1,0
95,3140,14,3000,ISFP,2,0,1,0,0,1,0,1,1
95,3140,14,3000,ISFJ,2,0,1,0,1,1,0,1,0
95,9060,9,9000,ISTJ,2,0,1,1,1,1,0,0,0
95,9060,9,9000,ISTP,2,0,1,1,0,1,0,0,1
95,9060,9,9000,ESTJ,2,1,1,1,1,0,0,0,0
95,9060,9,9000,ESTP,2,1,1,1,0,0,0,0,1
95,A020,7,A000,ENFJ,1,1,0,0,1,0,1,1,0
95,A020,7,A000,INFJ,1,0,0,0,1,1,1,1,0
95,E020,4,E000,ESFP,1,1,1,0,0,0,0,1,1
95,E020,4,E000,ESFJ,1,1,1,0,1,0,0,1,0
96,1040,3,1000,ISTP,4,0,1,1,0,1,0,0,1
96,1040,3,1000,ISTJ,4,0,1,1,1,1,0,0,0
96,1040,3,1000,ISFP,4,0,1,0,0,1,0,1,1
96,1040,3,1000,ISFJ,4,0,1,0,1,1,0,1,0
96,1040,3,1000,INTP,4,0,0,1,0,1,1,0,1
96,1040,3,1000,INTJ,4,0,0,1,1,1,1,0,0
96,1040,3,1000,INFP,4,0,0,0,0,1,1,1,1
96,1040,3,1000,INFJ,4,0,0,0,1,1,1,1,0
96,1040,3,1000,ESTP,4,1,1,1,0,0,0,0,1
96,1040,3,1000,ESTJ,4,1,1,1,1,0,0,0,0
96,1040,3,1000,ESFP,4,1,1,0,0,0,0,1,1
96,1040,3,1000,ESFJ,4,1,1,0,1,0,0,1,0
96,1040,3,1000,ENTP,4,1,0,1,0,0,1,0,1
96,1040,3,1000,ENTJ,4,1,0,1,1,0,1,0,0
96,1040,3,1000,ENFP,4,1,0,0,0,0,1,1,1
96,1040,3,1000,ENFJ,4,1,0,0,1,0,1,1,0
96,2090,4,2000,ISTJ,2,0,1,1,1,1,0,0,0
96,2090,4,2000,ISFJ,2,0,1,0,1,1,0,1,0
96,2090,4,2000,INTJ,2,0,0,1,1,1,1,0,0
96,2090,4,2000,INFJ,2,0,0,0,1,1,1,1,0
96,9063,12,9000,ESTJ,2,1,1,1,1,0,0,0,0
96,9063,12,9000,ESTP,2,1,1,1,0,0,0,0,1
96,9063,12,9000,ISTJ,2,0,1,1,1,1,0,0,0
96,9063,12,9000,ISTP,2,0,1,1,0,1,0,0,1
96,A070,4,A000,ENFJ,1,1,0,0,1,0,1,1,0
96,A070,4,A000,INFJ,1,0,0,0,1,1,1,1,0
96,B040,5,B000,ENTP,2,1,0,1,0,0,1,0,1
96,B040,5,B000,ESTP,2,1,1,1,0,0,0,0,1
96,B040,5,B000,INTP,2,0,0,1,0,1,1,0,1
96,B040,5,B000,ISTP,2,0,1,1,0,1,0,0,1
96,C010,14,C000,ENFP,0,1,0,0,0,0,1,1,1
96,D050,7,D000,INTP,2,0,0,1,0,1,1,0,1
96,D050,7,D000,INTJ,2,0,0,1,1,1,1,0,0
96,D050,7,D000,ESTP,2,1,1,1,0,0,0,0,1
96,D050,7,D000,ISTP,2,0,1,1,0,1,0,0,1
96,E040,1,E000,ESFP,1,1,1,0,0,0,0,1,1
96,E040,1,E000,ESFJ,1,1,1,0,1,0,0,1,0
97,1030,1,1000,ISTP,3,0,1,1,0,1,0,0,1
97,1030,1,1000,ISTJ,3,0,1,1,1,1,0,0,0
97,1030,1,1000,ISFP,3,0,1,0,0,1,0,1,1
97,1030,1,1000,ISFJ,3,0,1,0,1,1,0,1,0
97,1030,1,1000,ESTP,3,1,1,1,0,0,0,0,1
97,1030,1,1000,ESTJ,3,1,1,1,1,0,0,0,0
97,1030,1,1000,ESFP,3,1,1,0,0,0,0,1,1
97,1030,1,1000,ESFJ,3,1,1,0,1,0,0,1,0
97,1110,1,1000,ESTP,3,1,1,1,0,0,0,0,1
97,1110,1,1000,ESFP,3,1,1,0,0,0,0,1,1
97,1110,1,1000,ISTP,3,0,1,1,0,1,0,0,1
97,1110,1,1000,ISFP,3,0,1,0,0,1,0,1,1
97,1110,1,1000,ISTJ,3,0,1,1,1,1,0,0,0
97,1110,1,1000,ISFJ,3,0,1,0,1,1,0,1,0
97,1110,1,1000,ESTJ,3,1,1,1,1,0,0,0,0
97,1110,1,1000,ESFJ,3,1,1,0,1,0,0,1,0
97,2013,8,2000,ESTJ,2,1,1,1,1,0,0,0,0
97,2013,8,2000,ESTP,2,1,1,1,0,0,0,0,1
97,2013,8,2000,ESFJ,2,1,1,0,1,0,0,1,0
97,2013,8,2000,ESFP,2,1,1,0,0,0,0,1,1
97,4160,5,4000,ISFJ,2,0,1,0,1,1,0,1,0
97,4160,5,4000,ISFP,2,0,1,0,0,1,0,1,1
97,4160,5,4000,ESFJ,2,1,1,0,1,0,0,1,0
97,4160,5,4000,ESFP,2,1,1,0,0,0,0,1,1
97,6070,9,6000,ESFJ,2,1,1,0,1,0,0,1,0
97,6070,9,6000,ESTJ,2,1,1,1,1,0,0,0,0
97,6070,9,6000,ISFJ,2,0,1,0,1,1,0,1,0
97,6070,9,6000,ISTJ,2,0,1,1,1,1,0,0,0
97,A080,8,A000,ENFJ,3,1,0,0,1,0,1,1,0
97,A080,8,A000,ENFP,3,1,0,0,0,0,1,1,1
97,A080,8,A000,ENTJ,3,1,0,1,1,0,1,0,0
97,A080,8,A000,ENTP,3,1,0,1,0,0,1,0,1
97,A080,8,A000,INFJ,3,0,0,0,1,1,1,1,0
97,A080,8,A000,INFP,3,0,0,0,0,1,1,1,1
97,A080,8,A000,INTJ,3,0,0,1,1,1,1,0,0
97,A080,8,A000,INTP,3,0,0,1,0,1,1,0,1
97,D060,10,D000,ESTP,1,1,1,1,0,0,0,0,1
97,D060,10,D000,ISTP,1,0,1,1,0,1,0,0,1
97,E010,2,E000,ESTP,3,1,1,1,0,0,0,0,1
97,E010,2,E000,ESFP,3,1,1,0,0,0,0,1,1
97,E010,2,E000,ENTP,3,1,0,1,0,0,1,0,1
97,E010,2,E000,ENFP,3,1,0,0,0,0,1,1,1
97,E010,2,E000,ISTP,3,0,1,1,0,1,0,0,1
97,E010,2,E000,ISFP,3,0,1,0,0,1,0,1,1
97,E010,2,E000,INTP,3,0,0,1,0,1,1,0,1
97,E010,2,E000,INFP,3,0,0,0,0,1,1,1,1
98,2013,3,2000,ESTJ,2,1,1,1,1,0,0,0,0
98,2013,3,2000,ESTP,2,1,1,1,0,0,0,0,1
98,2013,3,2000,ESFJ,2,1,1,0,1,0,0,1,0
98,2013,3,2000,ESFP,2,1,1,0,0,0,0,1,1
98,2050,14,2000,ESFJ,1,1,1,0,1,0,0,1,0
98,2050,14,2000,ENFJ,1,1,0,0,1,0,1,1,0
98,3050,7,3000,ISTJ,1,0,1,1,1,1,0,0,0
98,3050,7,3000,INTJ,1,0,0,1,1,1,1,0,0
98,3990,4,3000,ESTJ,2,1,1,1,1,0,0,0,0
98,3990,4,3000,ESFJ,2,1,1,0,1,0,0,1,0
98,3990,4,3000,ISTJ,2,0,1,1,1,1,0,0,0
98,3990,4,3000,ISFJ,2,0,1,0,1,1,0,1,0
98,4060,4,4000,ENTP,1,1,0,1,0,0,1,0,1
98,4060,4,4000,INTP,1,0,0,1,0,1,1,0,1
98,4100,6,4000,ESTP,3,1,1,1,0,0,0,0,1
98,4100,6,4000,ESTJ,3,1,1,1,1,0,0,0,0
98,4100,6,4000,ENTP,3,1,0,1,0,0,1,0,1
98,4100,6,4000,ENTJ,3,1,0,1,1,0,1,0,0
98,4100,6,4000,ISTP,3,0,1,1,0,1,0,0,1
98,4100,6,4000,ISTJ,3,0,1,1,1,1,0,0,0
98,4100,6,4000,INTP,3,0,0,1,0,1,1,0,1
98,4100,6,4000,INTJ,3,0,0,1,1,1,1,0,0
98,7020,1,7000,ESFJ,2,1,1,0,1,0,0,1,0
98,7020,1,7000,ESTJ,2,1,1,1,1,0,0,0,0
98,7020,1,7000,ISFJ,2,0,1,0,1,1,0,1,0
98,7020,1,7000,ISTJ,2,0,1,1,1,1,0,0,0
98,9016,15,9000,ESFP,1,1,1,0,0,0,0,1,1
98,9016,15,9000,ENFP,1,1,0,0,0,0,1,1,1
99,8085,12,8000,ISTP,2,0,1,1,0,1,0,0,1
99,8085,12,8000,INTP,2,0,0,1,0,1,1,0,1
99,8085,12,8000,ESTP,2,1,1,1,0,0,0,0,1
99,8085,12,8000,ENTP,2,1,0,1,0,0,1,0,1
99,D020,2,D000,ENTP,3,1,0,1,0,0,1,0,1
99,D020,2,D000,ENTJ,3,1,0,1,1,0,1,0,0
99,D020,2,D000,INTP,3,0,0,1,0,1,1,0,1
99,D020,2,D000,INTJ,3,0,0,1,1,1,1,0,0
99,D020,2,D000,ESTP,3,1,1,1,0,0,0,0,1
99,D020,2,D000,ESTJ,3,1,1,1,1,0,0,0,0
99,D020,2,D000,ISTP,3,0,1,1,0,1,0,0,1
99,D020,2,#REF!,ISTJ,3,0,1,1,1,1,0,0,0
99,E020,2,E000,ESFP,1,1,1,0,0,0,0,1,1
99,E020,2,E000,ESFJ,1,1,1,0,1,0,0,1,0
